Title,Published At,Source,URL
Ethereum Classic (ETC) Market Cap Reaches $2.77 Billion,2024-10-06T02:45:25+00:00,americanbankingnews,https://www.americanbankingnews.com/2024/10/05/ethereum-classic-etc-market-cap-reaches-2-77-billion.html
Ethereum (ETH) Trading 9.7% Lower Over Last Week,2024-10-06T01:06:09+00:00,americanbankingnews,https://www.americanbankingnews.com/2024/10/05/ethereum-eth-trading-9-7-lower-over-last-week.html
iShares Ethereum Trust ETF (NASDAQ:ETHA) Trading Down 0.8% – Time to Sell?,2024-10-05T21:22:57+00:00,americanbankingnews,https://www.americanbankingnews.com/2024/10/05/ishares-ethereum-trust-etf-nasdaqetha-trading-down-0-8-time-to-sell.html
How To Accept Crypto Payments On Your Website,2024-10-05T05:58:36+00:00,pressreleasenetwork,https://pressreleasenetwork.com/site/2024/10/05/how-to-accept-crypto-payments-on-your-website/
iShares Ethereum Trust ETF (NASDAQ:ETHA) Shares Down 0.8% – What’s Next?,2024-10-04T06:51:07+00:00,etfdailynews,https://www.etfdailynews.com/2024/10/04/ishares-ethereum-trust-etf-nasdaqetha-shares-down-0-8-whats-next/
Ethereum Classic Hits 1-Day Volume of $168.48 Million (ETC),2024-10-04T00:37:30+00:00,americanbankingnews,https://www.americanbankingnews.com/2024/10/03/ethereum-classic-hits-1-day-volume-of-168-48-million-etc.html
Ethereum Classic (ETC) Trading 9.6% Lower Over Last 7 Days,2024-10-03T17:48:41+00:00,americanbankingnews,https://www.americanbankingnews.com/2024/10/03/ethereum-classic-etc-trading-9-6-lower-over-last-7-days.html
Ethereum (ETH) Market Cap Reaches $279.15 Billion,2024-10-03T16:11:56+00:00,americanbankingnews,https://www.americanbankingnews.com/2024/10/03/ethereum-eth-market-cap-reaches-279-15-billion.html
"ETH: Grayscale Ethereum Mini Trust, Making Sense Of Under-Performance",2024-10-03T14:30:00+00:00,Seeking Alpha,https://seekingalpha.com/article/4724808-grayscale-ethereum-mini-trust-making-sense-of-under-performance-eth-ethusd?source=feed_all_articles
Ethereum Name Service Hits 24 Hour Trading Volume of $56.98 Million (ENS),2024-10-03T12:15:19+00:00,americanbankingnews,https://www.americanbankingnews.com/2024/10/03/ethereum-name-service-hits-24-hour-trading-volume-of-56-98-million-ens.html
Visa Introduces the Visa Tokenized Asset Platform,2024-10-03T12:11:21+00:00,Financial Post | Canada Business News,https://financialpost.com/pmn/business-wire-news-releases-pmn/visa-introduces-the-visa-tokenized-asset-platform
"Ethereum Price Hits $2,389.42 on Top Exchanges (ETH)",2024-10-03T03:45:23+00:00,americanbankingnews,https://www.americanbankingnews.com/2024/10/02/ethereum-price-hits-2389-42-on-top-exchanges-eth.html
Ethereum Rejected: Can It Avoid a Deeper Downturn?,2024-10-03T02:53:57+00:00,actionforex,https://www.actionforex.com/contributors/technical-analysis/570328-ethereum-rejected-can-it-avoid-a-deeper-downturn/
Ethereum Classic 24 Hour Volume Reaches $145.76 Million (ETC),2024-10-03T00:43:46+00:00,americanbankingnews,https://www.americanbankingnews.com/2024/10/02/ethereum-classic-24-hour-volume-reaches-145-76-million-etc.html
The Digital Renaissance: NFT Platforms Empowering Modern Creators,2024-10-02T22:10:21+00:00,journal,https://journal.com.ph/the-digital-renaissance-nft-platforms-empowering-modern-creators/
Ethereum Name Service Price Tops $16.85 on Top Exchanges (ENS),2024-10-02T15:59:28+00:00,americanbankingnews,https://www.americanbankingnews.com/2024/10/02/ethereum-name-service-price-tops-16-85-on-top-exchanges-ens.html
Ethereum Classic (ETC) Price Reaches $18.22,2024-10-01T23:14:53+00:00,americanbankingnews,https://www.americanbankingnews.com/2024/10/01/ethereum-classic-etc-price-reaches-18-22.html
Ethereum Name Service Price Hits $16.71 on Top Exchanges (ENS),2024-10-01T21:23:49+00:00,americanbankingnews,https://www.americanbankingnews.com/2024/10/01/ethereum-name-service-price-hits-16-71-on-top-exchanges-ens.html
"Ethereum Price Reaches $2,614.12 on Top Exchanges (ETH)",2024-10-01T13:43:30+00:00,americanbankingnews,https://www.americanbankingnews.com/2024/10/01/ethereum-price-reaches-2614-12-on-top-exchanges-eth.html
Get to know What is Ethereum and How it Works,2024-10-01T13:27:11+00:00,Insights Success,https://insightssuccess.com/get-to-know-what-is-ethereum-and-how-it-works/
BlackRock exec says new Ethereum ETF faces ‘narrative’ challenge ,2024-10-01T00:13:49+00:00,Fortune,https://fortune.com/crypto/2024/09/30/blackrock-exec-says-new-ethereum-etf-faces-narrative-challenge/
Ethereum Classic (ETC) One Day Trading Volume Hits $122.85 Million,2024-09-30T21:19:20+00:00,americanbankingnews,https://www.americanbankingnews.com/2024/09/30/ethereum-classic-etc-one-day-trading-volume-hits-122-85-million.html
Ethereum Name Service Reaches 24 Hour Volume of $70.07 Million (ENS),2024-09-30T21:02:23+00:00,americanbankingnews,https://www.americanbankingnews.com/2024/09/30/ethereum-name-service-reaches-24-hour-volume-of-70-07-million-ens.html
Ethereum (ETH) Reaches Market Cap of $313.31 Billion,2024-09-30T20:20:53+00:00,americanbankingnews,https://www.americanbankingnews.com/2024/09/30/ethereum-eth-reaches-market-cap-of-313-31-billion.html
Ethereum Classic Price Hits $19.78 (ETC),2024-09-30T14:55:07+00:00,americanbankingnews,https://www.americanbankingnews.com/2024/09/30/ethereum-classic-price-hits-19-78-etc.html
Ethereum Name Service Trading 0% Higher This Week (ENS),2024-09-30T14:46:00+00:00,americanbankingnews,https://www.americanbankingnews.com/2024/09/30/ethereum-name-service-trading-0-higher-this-week-ens.html
Ethereum (ETH) Tops 24 Hour Volume of $14.71 Billion,2024-09-30T12:59:41+00:00,americanbankingnews,https://www.americanbankingnews.com/2024/09/30/ethereum-eth-tops-24-hour-volume-of-14-71-billion.html
The Rise of Cryptocurrency and its Impact on Modern Industries,2024-09-30T07:16:42+00:00,Insights Success,https://insightssuccess.com/the-rise-of-cryptocurrency-and-its-impact-on-modern-industries/
Ethereum Classic Price Reaches $20.01 (ETC),2024-09-30T02:45:35+00:00,americanbankingnews,https://www.americanbankingnews.com/2024/09/29/ethereum-classic-price-reaches-20-01-etc.html
Ethereum Trading 1.2% Higher Over Last Week (ETH),2024-09-30T01:17:41+00:00,americanbankingnews,https://www.americanbankingnews.com/2024/09/29/ethereum-trading-1-2-higher-over-last-week-eth.html
Ethereum Name Service (ENS) Price Tops $20.02,2024-09-29T21:32:39+00:00,americanbankingnews,https://www.americanbankingnews.com/2024/09/29/ethereum-name-service-ens-price-tops-20-02.html
"Ethereum (ETH) Price Tops $2,663.20 on Top Exchanges",2024-09-29T19:23:15+00:00,americanbankingnews,https://www.americanbankingnews.com/2024/09/29/ethereum-eth-price-tops-2663-20-on-top-exchanges.html
Ethereum Classic (ETC) One Day Trading Volume Tops $98.52 Million,2024-09-29T16:48:01+00:00,americanbankingnews,https://www.americanbankingnews.com/2024/09/29/ethereum-classic-etc-one-day-trading-volume-tops-98-52-million.html
Ethereum Name Service (ENS) Hits Market Capitalization of $651.18 Million,2024-09-29T15:46:42+00:00,americanbankingnews,https://www.americanbankingnews.com/2024/09/29/ethereum-name-service-ens-hits-market-capitalization-of-651-18-million.html
Ethereum Trading Up 2.4% This Week (ETH),2024-09-29T13:20:51+00:00,americanbankingnews,https://www.americanbankingnews.com/2024/09/29/ethereum-trading-up-2-4-this-week-eth.html
Fidelity Ethereum Fund (BATS:FETH) Stock Price Up 2%,2024-09-29T12:32:41+00:00,etfdailynews,https://www.etfdailynews.com/2024/09/29/fidelity-ethereum-fund-batsfeth-stock-price-up-2/
Fidelity Ethereum Fund (BATS:FETH) Stock Price Up 2%,2024-09-29T12:32:34+00:00,americanbankingnews,https://www.americanbankingnews.com/2024/09/29/fidelity-ethereum-fund-batsfeth-stock-price-up-2.html
Ethereum Name Service Reaches Market Capitalization of $663.13 Million (ENS),2024-09-29T03:57:46+00:00,americanbankingnews,https://www.americanbankingnews.com/2024/09/28/ethereum-name-service-reaches-market-capitalization-of-663-13-million-ens.html
Ethereum Classic (ETC) Tops One Day Volume of $106.77 Million,2024-09-29T03:44:46+00:00,americanbankingnews,https://www.americanbankingnews.com/2024/09/28/ethereum-classic-etc-tops-one-day-volume-of-106-77-million.html
Ethereum Classic Reaches 24 Hour Volume of $108.71 Million (ETC),2024-09-28T21:41:52+00:00,americanbankingnews,https://www.americanbankingnews.com/2024/09/28/ethereum-classic-reaches-24-hour-volume-of-108-71-million-etc.html
Bitwise Ethereum Strategy ETF (NYSEARCA:AETH) Stock Price Up 3.1%,2024-09-28T19:01:33+00:00,americanbankingnews,https://www.americanbankingnews.com/2024/09/28/bitwise-ethereum-strategy-etf-nysearcaaeth-stock-price-up-3-1.html
Ethereum Classic 24 Hour Trading Volume Reaches $115.14 Million (ETC),2024-09-28T16:09:37+00:00,americanbankingnews,https://www.americanbankingnews.com/2024/09/28/ethereum-classic-24-hour-trading-volume-reaches-115-14-million-etc.html
Ethereum (ETH) 24-Hour Volume Reaches $14.62 Billion,2024-09-28T15:32:28+00:00,americanbankingnews,https://www.americanbankingnews.com/2024/09/28/ethereum-eth-24-hour-volume-reaches-14-62-billion.html
Ethereum Classic (ETC) Price Hits $20.80 on Major Exchanges,2024-09-28T05:02:33+00:00,americanbankingnews,https://www.americanbankingnews.com/2024/09/28/ethereum-classic-etc-price-hits-20-80-on-major-exchanges.html
Ethereum Market Cap Hits $323.92 Billion (ETH),2024-09-28T05:02:03+00:00,americanbankingnews,https://www.americanbankingnews.com/2024/09/28/ethereum-market-cap-hits-323-92-billion-eth.html
Ethereum Name Service Market Capitalization Achieves $690.44 Million (ENS),2024-09-27T22:41:56+00:00,americanbankingnews,https://www.americanbankingnews.com/2024/09/27/ethereum-name-service-market-capitalization-achieves-690-44-million-ens.html
"Ethereum Hovers in 2,650 Area",2024-09-27T12:21:39+00:00,actionforex,https://www.actionforex.com/contributors/technical-analysis/569649-ethereum-hovers-in-2650-area/
Ethereum Network: A Comprehensive Overview,2024-09-27T08:55:05+00:00,ABC Money,https://www.abcmoney.co.uk/2024/09/ethereum-network-a-comprehensive-overview/
Ethereum Achieves Market Cap of $315.96 Billion (ETH),2024-09-27T05:35:59+00:00,americanbankingnews,https://www.americanbankingnews.com/2024/09/27/ethereum-achieves-market-cap-of-315-96-billion-eth.html
Ethereum Name Service Tops 24 Hour Trading Volume of $77.25 Million (ENS),2024-09-27T04:19:20+00:00,americanbankingnews,https://www.americanbankingnews.com/2024/09/26/ethereum-name-service-tops-24-hour-trading-volume-of-77-25-million-ens.html
Ethereum Classic (ETC) Price Reaches $20.71 on Major Exchanges,2024-09-27T04:17:19+00:00,americanbankingnews,https://www.americanbankingnews.com/2024/09/26/ethereum-classic-etc-price-reaches-20-71-on-major-exchanges.html
Ethereum Name Service (ENS) Price Hits $19.25,2024-09-26T23:21:55+00:00,americanbankingnews,https://www.americanbankingnews.com/2024/09/26/ethereum-name-service-ens-price-hits-19-25.html
Ethereum Name Service (ENS) Price Up 9.5% Over Last Week,2024-09-26T16:00:11+00:00,americanbankingnews,https://www.americanbankingnews.com/2024/09/26/ethereum-name-service-ens-price-up-9-5-over-last-week.html
Ethereum Name Service (ENS) Reaches Market Cap of $625.77 Million,2024-09-26T03:43:12+00:00,americanbankingnews,https://www.americanbankingnews.com/2024/09/25/ethereum-name-service-ens-reaches-market-cap-of-625-77-million.html
Ethereum Classic (ETC) Reaches 24 Hour Volume of $118.53 Million,2024-09-25T05:35:05+00:00,americanbankingnews,https://www.americanbankingnews.com/2024/09/25/ethereum-classic-etc-reaches-24-hour-volume-of-118-53-million.html
"Bitcoin (BTC) Golden Cross Coming, Ethereum (ETH) Reclaims Bullish Trend, Binance Coin (BNB) Breaks 65-Day Resistance",2024-09-25T04:30:18+00:00,Investing.com | Stock Market Quotes &amp; Financial News,https://www.investing.com/news/cryptocurrency-news/bitcoin-btc-golden-cross-coming-ethereum-eth-reclaims-bullish-trend-binance-coin-bnb-breaks-65day-resistance-3631117
Ethereum (ETH) Price Up 14.3% Over Last Week,2024-09-25T03:47:16+00:00,americanbankingnews,https://www.americanbankingnews.com/2024/09/24/ethereum-eth-price-up-14-3-over-last-week.html
Ethereum Name Service Price Hits $18.93 on Exchanges (ENS),2024-09-24T22:31:13+00:00,americanbankingnews,https://www.americanbankingnews.com/2024/09/24/ethereum-name-service-price-hits-18-93-on-exchanges-ens.html
Ethereum Classic 1-Day Trading Volume Tops $106.25 Million (ETC),2024-09-24T22:20:00+00:00,americanbankingnews,https://www.americanbankingnews.com/2024/09/24/ethereum-classic-1-day-trading-volume-tops-106-25-million-etc.html
Ethereum (ETH) Tops One Day Volume of $16.27 Billion,2024-09-24T20:23:58+00:00,americanbankingnews,https://www.americanbankingnews.com/2024/09/24/ethereum-eth-tops-one-day-volume-of-16-27-billion.html
Ethereum Name Service Price Reaches $18.65 (ENS),2024-09-24T17:33:39+00:00,americanbankingnews,https://www.americanbankingnews.com/2024/09/24/ethereum-name-service-price-reaches-18-65-ens.html
Ethereum Name Service Reaches Market Cap of $618.79 Million (ENS),2024-09-23T22:31:08+00:00,americanbankingnews,https://www.americanbankingnews.com/2024/09/23/ethereum-name-service-reaches-market-cap-of-618-79-million-ens.html
"Ethereum Price Hits $2,678.03 on Major Exchanges (ETH)",2024-09-23T21:16:59+00:00,americanbankingnews,https://www.americanbankingnews.com/2024/09/23/ethereum-price-hits-2678-03-on-major-exchanges-eth.html
Ethereum Gains 15% In A Week — Is A Recovery To $3K Back In Sight?,2024-09-23T18:47:40+00:00,theoptionsinsider,https://theoptionsinsider.com/news-feed/ethereum-gains-15-in-a-week-is-a-recovery-to-3k-back-in-sight/
Ethereum Classic (ETC) Trading 9.2% Higher Over Last 7 Days,2024-09-23T17:35:17+00:00,americanbankingnews,https://www.americanbankingnews.com/2024/09/23/ethereum-classic-etc-trading-9-2-higher-over-last-7-days.html
Ethereum Classic Hits Market Cap of $2.86 Billion (ETC),2024-09-23T06:57:03+00:00,americanbankingnews,https://www.americanbankingnews.com/2024/09/23/ethereum-classic-hits-market-cap-of-2-86-billion-etc.html
Ethereum Name Service One Day Volume Reaches $63.43 Million (ENS),2024-09-23T04:31:25+00:00,americanbankingnews,https://www.americanbankingnews.com/2024/09/22/ethereum-name-service-one-day-volume-reaches-63-43-million-ens.html
Ethereum Classic (ETC) One Day Trading Volume Tops $99.75 Million,2024-09-22T23:30:51+00:00,americanbankingnews,https://www.americanbankingnews.com/2024/09/22/ethereum-classic-etc-one-day-trading-volume-tops-99-75-million.html
Ethereum Name Service Market Cap Hits $600.65 Million (ENS),2024-09-22T23:07:35+00:00,americanbankingnews,https://www.americanbankingnews.com/2024/09/22/ethereum-name-service-market-cap-hits-600-65-million-ens.html
Ethereum Trading Up 10.1% This Week (ETH),2024-09-22T21:41:18+00:00,americanbankingnews,https://www.americanbankingnews.com/2024/09/22/ethereum-trading-up-10-1-this-week-eth.html
Ethereum Classic Price Up 2.8% Over Last Week (ETC),2024-09-22T11:55:19+00:00,americanbankingnews,https://www.americanbankingnews.com/2024/09/22/ethereum-classic-price-up-2-8-over-last-week-etc.html
Ethereum (ETH) Market Cap Achieves $312.55 Billion,2024-09-22T04:29:34+00:00,americanbankingnews,https://www.americanbankingnews.com/2024/09/21/ethereum-eth-market-cap-achieves-312-55-billion.html
Ethereum Classic (ETC) Reaches Market Cap of $2.88 Billion,2024-09-22T00:26:27+00:00,americanbankingnews,https://www.americanbankingnews.com/2024/09/21/ethereum-classic-etc-reaches-market-cap-of-2-88-billion.html
Ethereum Name Service Trading Up 6.8% Over Last 7 Days (ENS),2024-09-22T00:14:29+00:00,americanbankingnews,https://www.americanbankingnews.com/2024/09/21/ethereum-name-service-trading-up-6-8-over-last-7-days-ens.html
Ethereum Reaches 24-Hour Volume of $10.07 Billion (ETH),2024-09-22T00:14:13+00:00,americanbankingnews,https://www.americanbankingnews.com/2024/09/21/ethereum-reaches-24-hour-volume-of-10-07-billion-eth.html
Ethereum One Day Volume Tops $11.41 Billion (ETH),2024-09-21T17:14:10+00:00,americanbankingnews,https://www.americanbankingnews.com/2024/09/21/ethereum-one-day-volume-tops-11-41-billion-eth.html
Ethereum (ETH) Trading 5.6% Higher This Week,2024-09-21T12:45:07+00:00,americanbankingnews,https://www.americanbankingnews.com/2024/09/21/ethereum-eth-trading-5-6-higher-this-week.html
"Ethereum Price Reaches $2,576.09 (ETH)",2024-09-21T00:29:20+00:00,americanbankingnews,https://www.americanbankingnews.com/2024/09/20/ethereum-price-reaches-2576-09-eth.html
Ethereum Classic Price Up 1.4% Over Last Week (ETC),2024-09-20T20:09:46+00:00,americanbankingnews,https://www.americanbankingnews.com/2024/09/20/ethereum-classic-price-up-1-4-over-last-week-etc.html
Ethereum (ETH) Hits 24-Hour Volume of $19.89 Billion,2024-09-20T18:27:32+00:00,americanbankingnews,https://www.americanbankingnews.com/2024/09/20/ethereum-eth-hits-24-hour-volume-of-19-89-billion.html
Ethereum Classic (ETC) Price Up 2.7% Over Last 7 Days,2024-09-20T15:18:27+00:00,americanbankingnews,https://www.americanbankingnews.com/2024/09/20/ethereum-classic-etc-price-up-2-7-over-last-7-days.html
Grayscale Ethereum Classic Trust (ETC) (OTCMKTS:ETCG) Shares Down 0.6%,2024-09-20T02:51:20+00:00,americanbankingnews,https://www.americanbankingnews.com/2024/09/19/grayscale-ethereum-classic-trust-etc-otcmktsetcg-shares-down-0-6.html
Grayscale Ethereum Classic Trust (ETC) (OTCMKTS:ETCG) Shares Down 0.6%,2024-09-20T02:50:59+00:00,etfdailynews,https://www.etfdailynews.com/2024/09/19/grayscale-ethereum-classic-trust-etc-otcmktsetcg-shares-down-0-6/
Ethereum Classic Trading Up 0.9% Over Last 7 Days (ETC),2024-09-20T01:53:29+00:00,americanbankingnews,https://www.americanbankingnews.com/2024/09/19/ethereum-classic-trading-up-0-9-over-last-7-days-etc.html
Ethereum Name Service One Day Trading Volume Reaches $74.51 Million (ENS),2024-09-20T01:42:16+00:00,americanbankingnews,https://www.americanbankingnews.com/2024/09/19/ethereum-name-service-one-day-trading-volume-reaches-74-51-million-ens.html
Ethereum Trading Up 4.4% This Week (ETH),2024-09-20T00:54:57+00:00,americanbankingnews,https://www.americanbankingnews.com/2024/09/19/ethereum-trading-up-4-4-this-week-eth.html
Ethereum Classic (ETC) Price Tops $19.06 on Top Exchanges,2024-09-19T19:52:25+00:00,americanbankingnews,https://www.americanbankingnews.com/2024/09/19/ethereum-classic-etc-price-tops-19-06-on-top-exchanges.html
Ethereum Name Service (ENS) Price Reaches $18.18,2024-09-19T19:38:47+00:00,americanbankingnews,https://www.americanbankingnews.com/2024/09/19/ethereum-name-service-ens-price-reaches-18-18.html
"Ethereum (ETH) Price Reaches $2,476.26 on Exchanges",2024-09-19T18:27:43+00:00,americanbankingnews,https://www.americanbankingnews.com/2024/09/19/ethereum-eth-price-reaches-2476-26-on-exchanges.html
Ethereum Classic (ETC) Price Reaches $18.63,2024-09-19T14:11:44+00:00,americanbankingnews,https://www.americanbankingnews.com/2024/09/19/ethereum-classic-etc-price-reaches-18-63.html
Ethereum Name Service Hits One Day Volume of $70.25 Million (ENS),2024-09-19T14:01:31+00:00,americanbankingnews,https://www.americanbankingnews.com/2024/09/19/ethereum-name-service-hits-one-day-volume-of-70-25-million-ens.html
Ethereum Benefits from Fed Decision,2024-09-19T09:19:38+00:00,actionforex,https://www.actionforex.com/contributors/technical-analysis/568491-ethereum-benefits-from-fed-decision/
Ethereum Classic Trading Down 0.6% This Week (ETC),2024-09-19T02:29:34+00:00,americanbankingnews,https://www.americanbankingnews.com/2024/09/18/ethereum-classic-trading-down-0-6-this-week-etc.html
Ethereum Name Service (ENS) Price Tops $17.61 on Exchanges,2024-09-19T02:10:59+00:00,americanbankingnews,https://www.americanbankingnews.com/2024/09/18/ethereum-name-service-ens-price-tops-17-61-on-exchanges.html
Ethereum Reaches 1-Day Volume of $18.87 Billion (ETH),2024-09-19T01:39:11+00:00,americanbankingnews,https://www.americanbankingnews.com/2024/09/18/ethereum-reaches-1-day-volume-of-18-87-billion-eth.html
Ethereum Name Service (ENS) One Day Trading Volume Tops $47.94 Million,2024-09-18T20:55:09+00:00,americanbankingnews,https://www.americanbankingnews.com/2024/09/18/ethereum-name-service-ens-one-day-trading-volume-tops-47-94-million.html
Ethereum Classic 1-Day Volume Hits $107.36 Million (ETC),2024-09-18T20:49:36+00:00,americanbankingnews,https://www.americanbankingnews.com/2024/09/18/ethereum-classic-1-day-volume-hits-107-36-million-etc.html
Hemi Labs raises $15 million from Binance to launch Advanced Modular Blockchain Network for Bitcoin and Ethereum,2024-09-18T13:10:47+00:00,Fortune,https://fortune.com/crypto/2024/09/18/hemi-labs-raises-15-million-from-binance-to-launch-advanced-modular-blockchain-network-for-bitcoin-and-ethereum/
"A Guide to Multi-Currency Crypto Casinos: Play with Bitcoin, Ethereum and More",2024-09-18T09:30:50+00:00,Insights Success,https://insightssuccess.com/a-guide-to-multi-currency-crypto-casinos-play-with-bitcoin-ethereum-and-more/
Avalanche (AVAX) Gains Traction as Ethereum Alternative,2024-09-17T08:40:26+00:00,ocolympian,https://ocolympian.com/avalanche-avax-gains-traction-as-ethereum-alternative/
SEC Signals That Ethereum Is Not Security - U.Today,2024-09-12T20:47:54+00:00,Google News Business GB,https://news.google.com/rss/articles/CBMiaEFVX3lxTE93YXlnTzQ5dWFBRGx3Uk1PT3JRRWVkX0ludk5waGFDMlJkVGJBaDJDRThZMmFrTVF3Nzh1b0diVnF3MV9PdUZIa0xqcUx0UmhKTTVidDBMRnhQZExmWHpLY2Q0WkVUclpw0gFuQVVfeXFMT1JLcy1uX2N1MFcxVkxjWVBNRExLUjFaOVZ1VjFIeVhFUVhGbWl1cVRYbTlSa1V4SEd0bXlGRm5QUHFmOGlqLWowdjF6YWstTURBa0NadkE2aExjMC11bVZSdVdkWUNWWk1McWZPNEE?oc=5
21Shares Core Ethereum ETF expands custody network with new agreements,2024-09-12T14:52:46+00:00,Investing.com | Stock Market Quotes &amp; Financial News,https://www.investing.com/news/company-news/21shares-core-ethereum-etf-expands-custody-network-with-new-agreements-93CH-3613787
SEC signals Ethereum is not a security in settlement with eToro,2024-09-12T14:16:29+00:00,Fortune,https://fortune.com/crypto/2024/09/12/etoro-sec-gensler-ethereum-bitcoin-crypto-lawsuit/
"Bitcoin, Ethereum, Dogecoin Move Sideways As Inflation Data Dampens Aggressive Rate Cuts Hopes: Why This Analyst Duo Says It Is 'Great Time' To Pile Up On King Crypto",2024-09-12T02:10:49+00:00,benzinga,https://www.benzinga.com/markets/cryptocurrency/24/09/40824806/bitcoin-ethereum-dogecoin-move-sideways-as-inflation-data-dampens-aggressive-rate-cuts-hop
"Ethereum (ETH) Paints Grim Reversal Pattern, Solana (SOL) Whales Not Bullish, Bitcoin (BTC) Enters $60,000 Path",2024-09-11T06:30:20+00:00,Investing.com | Stock Market Quotes &amp; Financial News,https://www.investing.com/news/cryptocurrency-news/ethereum-eth-paints-grim-reversal-pattern-solana-sol-whales-not-bullish-bitcoin-btc-enters-60000-path-3610780
Ethereum Addresses in Profit Drop Nearly 20% Within a Month,2024-09-09T13:02:14+00:00,ABC Money,https://www.abcmoney.co.uk/2024/09/ethereum-addresses-in-profit-drop/
"North Star Asset Management Inc. Invests $389,000 in Grayscale Ethereum Trust (ETH) (OTCMKTS:ETHE)",2024-09-08T11:49:09+00:00,etfdailynews,https://www.etfdailynews.com/2024/09/08/north-star-asset-management-inc-invests-389000-in-grayscale-ethereum-trust-eth-otcmktsethe/
How New Regulations are Shaping the Future of Cryptocurrencies,2024-09-05T21:27:46+00:00,Pakistan Today,https://www.pakistantoday.com.pk/2024/09/06/how-new-regulations-are-shaping-the-future-of-cryptocurrencies/
From Dollars to Digital: Transitioning to Cryptocurrency in NZ Online Casinos,2024-09-04T13:52:38+00:00,Insights Success,https://insightssuccess.com/from-dollars-to-digital-transitioning-to-cryptocurrency-in-nz-online-casinos/
Ethereum ETFs Officially Launch in the US,2024-09-03T18:28:12+00:00,gtweekly,https://www.goodtimes.sc/ethereum-etfs-launch-in-us/?utm_source=rss&utm_medium=rss&utm_campaign=ethereum-etfs-launch-in-us
"Ethereum (ETH) Price Tops $2,524.17 on Major Exchanges",2024-09-02T13:05:04+00:00,americanbankingnews,https://www.americanbankingnews.com/2024/09/02/ethereum-eth-price-tops-2524-17-on-major-exchanges.html
VanEck Ethereum Strategy ETF (NYSEARCA:EFUT) Trading Down 0.8%,2024-08-31T06:19:01+00:00,etfdailynews,https://www.etfdailynews.com/2024/08/31/vaneck-ethereum-strategy-etf-nysearcaefut-trading-down-0-8/
Bitget Proof-of-Reserves August: Increase in Reserve Ratio and Users’ Asset in Ethereum (ETH),2024-08-29T20:00:26+00:00,Financial Post | Canada Business News,https://financialpost.com/globe-newswire/bitget-proof-of-reserves-august-increase-in-reserve-ratio-and-users-asset-in-ethereum-eth-2
Bitget Proof-of-Reserves August: Increase in Reserve Ratio and Users’ Asset in Ethereum (ETH),2024-08-29T13:29:52+00:00,business,https://financialpost.com/globe-newswire/bitget-proof-of-reserves-august-increase-in-reserve-ratio-and-users-asset-in-ethereum-eth
Ethereum Name Service (ENS) Trading Down 6.3% Over Last Week,2024-08-29T11:25:19+00:00,americanbankingnews,https://www.americanbankingnews.com/2024/08/29/ethereum-name-service-ens-trading-down-6-3-over-last-week.html
Ethereum: Rebound on the Long Road to Sunset,2024-08-29T09:14:54+00:00,actionforex,https://www.actionforex.com/contributors/fundamental-analysis/565615-ethereum-rebound-on-the-long-road-to-sunset/
Faster Crypto Market Decline,2024-08-28T09:26:36+00:00,actionforex,https://www.actionforex.com/contributors/fundamental-analysis/565466-faster-crypto-market-decline/
"Aussie Rises on Inflation Beat, Ethereum Takes a Sharp Dive",2024-08-28T03:32:26+00:00,actionforex,https://www.actionforex.com/action-insight/market-overview/565392-aussie-rises-on-inflation-beat-ethereum-takes-a-sharp-dive/
ARK 21Shares Active Bitcoin Ethereum Strategy ETF (BATS:ARKY) Shares Up 5.7%,2024-08-24T07:42:43+00:00,etfdailynews,https://www.etfdailynews.com/2024/08/24/ark-21shares-active-bitcoin-ethereum-strategy-etf-batsarky-shares-up-5-7/
Crypto Tug of War,2024-08-22T09:24:17+00:00,actionforex,https://www.actionforex.com/contributors/technical-analysis/564710-crypto-tug-of-war/
Ethereum Name Service (ENS) Market Capitalization Hits $604.49 Million,2024-08-21T14:10:47+00:00,americanbankingnews,https://www.americanbankingnews.com/2024/08/21/ethereum-name-service-ens-market-capitalization-hits-604-49-million.html
Ethereum Classic (ETC) Trading 0.9% Lower Over Last Week,2024-08-19T13:30:51+00:00,americanbankingnews,https://www.americanbankingnews.com/2024/08/19/ethereum-classic-etc-trading-0-9-lower-over-last-week.html
Ethereum Market Cap Hits $310.30 Billion (ETH),2024-08-19T11:18:46+00:00,americanbankingnews,https://www.americanbankingnews.com/2024/08/19/ethereum-market-cap-hits-310-30-billion-eth.html
Ethereum Classic (ETC) Trading 1.4% Lower Over Last 7 Days,2024-08-18T12:18:44+00:00,americanbankingnews,https://www.americanbankingnews.com/2024/08/18/ethereum-classic-etc-trading-1-4-lower-over-last-7-days.html
Ethereum Name Service Price Hits $18.74 on Major Exchanges (ENS),2024-08-18T11:54:52+00:00,americanbankingnews,https://www.americanbankingnews.com/2024/08/18/ethereum-name-service-price-hits-18-74-on-major-exchanges-ens.html
Shiba Inu (SHIB): What's Happening? Is This Bitcoin (BTC) Resistance Unbreakable? Ethereum (ETH) On Verge of Fundamental Crisis?,2024-08-17T05:30:21+00:00,Investing.com | Stock Market Quotes &amp; Financial News,https://www.investing.com/news/cryptocurrency-news/shiba-inu-shib-whats-happening-is-this-bitcoin-btc-resistance-unbreakable-ethereum-eth-on-verge-of-fundamental-crisis-3576480
Ethereum Name Service Market Capitalization Reaches $601.80 Million (ENS),2024-08-16T12:30:44+00:00,americanbankingnews,https://www.americanbankingnews.com/2024/08/16/ethereum-name-service-market-capitalization-reaches-601-80-million-ens.html
Ethereum Trading Up 7.9% Over Last Week (ETH),2024-08-15T12:24:47+00:00,americanbankingnews,https://www.americanbankingnews.com/2024/08/15/ethereum-trading-up-7-9-over-last-week-eth.html
"Ethereum Supply Surpasses 120M ETH As Staking, Restaking Surge",2024-08-15T11:53:11+00:00,theoptionsinsider,https://theoptionsinsider.com/news-feed/ethereum-supply-surpasses-120m-eth-as-staking-restaking-surge/
Ethereum Gently Gaining Momentum,2024-08-14T12:27:48+00:00,actionforex,https://www.actionforex.com/contributors/fundamental-analysis/563661-ethereum-gently-gaining-momentum/
"Solana (SOL) Bounces: $150 Lies Ahead, Will Ethereum (ETH) Face Death Cross? Two Key Bitcoin (BTC) Price Levels Revealed",2024-08-13T04:30:22+00:00,Investing.com | Stock Market Quotes &amp; Financial News,https://www.investing.com/news/cryptocurrency-news/solana-sol-bounces-150-lies-ahead-will-ethereum-eth-face-death-cross-two-key-bitcoin-btc-price-levels-revealed-3568073
Ethereum Classic Price Up 20.3% Over Last 7 Days (ETC),2024-08-12T11:38:48+00:00,americanbankingnews,https://www.americanbankingnews.com/2024/08/12/ethereum-classic-price-up-20-3-over-last-7-days-etc.html
"Ethereum (ETH) Price Reaches $2,607.84 on Exchanges",2024-08-10T19:30:50+00:00,americanbankingnews,https://www.americanbankingnews.com/2024/08/10/ethereum-eth-price-reaches-2607-84-on-exchanges.html
Ethereum Classic (ETC) Trading Down 4.8% This Week,2024-08-10T12:58:47+00:00,americanbankingnews,https://www.americanbankingnews.com/2024/08/10/ethereum-classic-etc-trading-down-4-8-this-week.html
Ethereum Name Service (ENS) Price Reaches $19.43 on Top Exchanges,2024-08-10T11:52:51+00:00,americanbankingnews,https://www.americanbankingnews.com/2024/08/10/ethereum-name-service-ens-price-reaches-19-43-on-top-exchanges.html
Ethereum ETFs Officially Launch in the US,2024-08-09T17:01:04+00:00,gtweekly,https://www.goodtimes.sc/ethereum-etfs-launch-us/?utm_source=rss&utm_medium=rss&utm_campaign=ethereum-etfs-launch-us
VanEck Ethereum Strategy ETF (NYSEARCA:EFUT) Stock Price Up 3.6%,2024-08-09T07:24:46+00:00,americanbankingnews,https://www.americanbankingnews.com/2024/08/09/vaneck-ethereum-strategy-etf-nysearcaefut-stock-price-up-3-6.html
VanEck Ethereum Strategy ETF (NYSEARCA:EFUT) Trading Up 3.6%,2024-08-09T07:24:45+00:00,etfdailynews,https://www.etfdailynews.com/2024/08/09/vaneck-ethereum-strategy-etf-nysearcaefut-trading-up-3-6/
Ethereum Climbs 10% In Rally,2024-08-08T18:21:58+00:00,Investing.com | Stock Market Quotes &amp; Financial News,https://www.investing.com/news/cryptocurrency-news/ethereum-climbs-10-in-rally-3562698
Ethereum (ETH) Trading Down 23.6% This Week,2024-08-08T13:22:45+00:00,americanbankingnews,https://www.americanbankingnews.com/2024/08/08/ethereum-eth-trading-down-23-6-this-week.html
Is Ethereum A Smart Investment Following The Bitcoin Halving?,2024-08-07T13:57:11+00:00,flaglerlive,https://flaglerlive.com/ethereum/
Bitcoin: From Shock to the Death Cross,2024-08-07T09:27:17+00:00,actionforex,https://www.actionforex.com/contributors/fundamental-analysis/562755-bitcoin-from-shock-to-the-death-cross/
"Crypto selloff wipes out $367 billion in value as bitcoin, ether plunge",2024-08-05T16:51:34+00:00,CNBC,https://www.cnbc.com/2024/08/04/crypto-plunge-wipes-out-270-billion-in-value-as-bitcoin-ether-plunge.html
Bitcoin plunges as crypto market loses collective $367 billion,2024-08-05T15:01:30+00:00,thestreet,https://www.thestreet.com/video/bitcoin-plunges-crypto-market-loses-collective-367-billion
Ethereum Name Service Achieves Market Capitalization of $492.69 Million (ENS),2024-08-05T13:02:52+00:00,americanbankingnews,https://www.americanbankingnews.com/2024/08/05/ethereum-name-service-achieves-market-capitalization-of-492-69-million-ens.html
Bitcoin price in free fall as crypto market crashes,2024-08-05T09:54:39+00:00,Independent,https://www.independent.co.uk/tech/bitcoin-price-crash-crypto-market-b2591235.html
"EUR/USD Targets Gains, Bitcoin and Ethereum Nosedives",2024-08-05T05:17:11+00:00,actionforex,https://www.actionforex.com/contributors/technical-analysis/562398-eur-usd-targets-gains-bitcoin-and-ethereum-nosedives/
"Ethereum may find temporary support at 2100 after freefall, but threat lingers below 2800",2024-08-05T03:55:38+00:00,actionforex,https://www.actionforex.com/live-comments/562394-ethereum-may-find-temporary-support-at-2100-after-freefall-but-threat-lingers-below-2800/
"Ethereum Price Tops $2,910.31 on Major Exchanges (ETH)",2024-08-04T12:10:44+00:00,americanbankingnews,https://www.americanbankingnews.com/2024/08/04/ethereum-price-tops-2910-31-on-major-exchanges-eth.html
ARK 21Shares Active Bitcoin Ethereum Strategy ETF (BATS:ARKY) Trading Down 5.4%,2024-08-02T07:36:42+00:00,etfdailynews,https://www.etfdailynews.com/2024/08/02/ark-21shares-active-bitcoin-ethereum-strategy-etf-batsarky-trading-down-5-4/
Memereum Presale Surges with Nearly 28 Million Tokens Sold Following SEC Approval of Ethereum ETFs,2024-07-31T15:30:37+00:00,Investing.com | Stock Market Quotes &amp; Financial News,https://www.investing.com/news/cryptocurrency-news/memereum-presale-surges-with-nearly-28-million-tokens-sold-following-sec-approval-of-ethereum-etfs-3546447
Grayscale Bitcoin Mini Trust (Ticker: BTC) Begins Trading on NYSE Arca as Grayscale Investments'® Newest Bitcoin ETP,2024-07-31T10:00:07+00:00,4-traders,https://www.marketscreener.com/quote/stock/GRAYSCALE-ETHEREUM-CLASSI-58528356/news/Grayscale-Bitcoin-Mini-Trust-Ticker-BTC-Begins-Trading-on-NYSE-Arca-as-Grayscale-Investments-N-47514423/?utm_medium=RSS&utm_content=20240731
Investing in Artemis Crypto: A game-changer for your portfolio,2024-07-29T12:49:07+00:00,cyprus-mail,https://cyprus-mail.com/2024/07/29/investing-in-artemis-crypto-a-game-changer-for-your-portfolio/
Crypto Market Gains on Heavyweights,2024-07-29T11:26:24+00:00,actionforex,https://www.actionforex.com/contributors/fundamental-analysis/561497-crypto-market-gains-on-heavyweights/
Ethereum ETF Launch Drives $2.2B Inflows: CoinShares,2024-07-29T10:21:32+00:00,theoptionsinsider,https://theoptionsinsider.com/news-feed/ethereum-etf-launch-drives-2-2b-inflows-coinshares/
Ethereum Classic Market Capitalization Tops $3.36 Billion (ETC),2024-07-28T11:26:41+00:00,americanbankingnews,https://www.americanbankingnews.com/2024/07/28/ethereum-classic-market-capitalization-tops-3-36-billion-etc.html
Ethereum Name Service (ENS) Trading 1.6% Higher Over Last 7 Days,2024-07-28T11:08:41+00:00,americanbankingnews,https://www.americanbankingnews.com/2024/07/28/ethereum-name-service-ens-trading-1-6-higher-over-last-7-days.html
"Election 2024 latest news: Trump to address Bitcoin conference, hold rally with Vance - The Washington Post",2024-07-27T19:46:51+00:00,Google News Business US,https://news.google.com/rss/articles/CBMiU2h0dHBzOi8vd3d3Lndhc2hpbmd0b25wb3N0LmNvbS9lbGVjdGlvbnMvMjAyNC8wNy8yNy9lbGVjdGlvbi0yMDI0LWNhbXBhaWduLXVwZGF0ZXMv0gEA?oc=5
Grayscale Ethereum Classic Trust (ETC) (OTCMKTS:ETCG) Sees Large Growth in Short Interest,2024-07-27T15:06:49+00:00,etfdailynews,https://www.etfdailynews.com/2024/07/27/grayscale-ethereum-classic-trust-etc-otcmktsetcg-sees-large-growth-in-short-interest/
Ethereum Reaches Market Capitalization of $394.09 Billion (ETH),2024-07-27T12:06:47+00:00,americanbankingnews,https://www.americanbankingnews.com/2024/07/27/ethereum-reaches-market-capitalization-of-394-09-billion-eth.html
USD/JPY Recovery Faces Challenges: What to Watch For,2024-07-26T02:42:26+00:00,actionforex,https://www.actionforex.com/contributors/technical-analysis/561060-usd-jpy-recovery-faces-challenges-what-to-watch-for/
US Ethereum ETFs see net outflows on second trading day,2024-07-25T16:37:37+00:00,readwriteweb,https://readwrite.com/us-ethereum-etfs-see-net-outflows-on-second-trading-day/
Stock Routs Undermine the Image of Ethereum ETF Launch,2024-07-25T11:50:25+00:00,actionforex,https://www.actionforex.com/contributors/fundamental-analysis/560976-stock-routs-undermine-the-image-of-ethereum-etf-launch/
Elliott Wave Intraday Analysis: Ethereum (ETHUSD) Pullback In Progress,2024-07-25T05:36:25+00:00,actionforex,https://www.actionforex.com/contributors/technical-analysis/560904-elliott-wave-intraday-analysis-ethereum-ethusd-pullback-in-progress/
Grayscale Ethereum Trust : RISK FACTORS Form 8 K,2024-07-24T20:10:22+00:00,4-traders,https://www.marketscreener.com/quote/stock/GRAYSCALE-ETHEREUM-TRUST-58674919/news/Grayscale-Ethereum-Trust-RISK-FACTORS-Form-8-K-47460431/?utm_medium=RSS&utm_content=20240724
US spot ether ETFs see net inflows of $106 million on first day,2024-07-24T17:44:44+00:00,sports,https://ca.finance.yahoo.com/news/us-spot-ether-etfs-see-174444295.html
US spot ether ETFs see net inflows of $106 million on first day,2024-07-24T17:38:50+00:00,4-traders,https://www.marketscreener.com/quote/stock/GRAYSCALE-ETHEREUM-TRUST-58674919/news/US-spot-ether-ETFs-see-net-inflows-of-106-million-on-first-day-47459771/?utm_medium=RSS&utm_content=20240724
Spot Ethereum ETFs go live!,2024-07-24T12:07:22+00:00,countingpips,https://investmacro.com/2024/07/spot-ethereum-etfs-go-live/
ETHUSD Trades Flat After ETF Debut,2024-07-24T11:27:59+00:00,actionforex,https://www.actionforex.com/contributors/technical-analysis/560832-ethusd-trades-flat-after-etf-debut/
SA subscribers' favorite ethereum ETFs,2024-07-24T11:25:46+00:00,Seeking Alpha,https://seekingalpha.com/news/4127343-how-many-sa-followers-does-each-spot-ethereum-etfs-have?utm_source=feed_news_all&utm_medium=referral&feed_item_type=news
Grayscale Ethereum Trust (ETH) (OTCMKTS:ETHE) Stock Price Down 0.9%,2024-07-24T07:51:45+00:00,etfdailynews,https://www.etfdailynews.com/2024/07/24/grayscale-ethereum-trust-eth-otcmktsethe-stock-price-down-0-9/
"Bitcoin Vs. Ethereum: Similarities, Differences And Considerations",2024-07-23T19:15:00+00:00,Seeking Alpha,https://seekingalpha.com/article/4705913-bitcoin-vs-ethereum-similarities-differences-and-considerations?source=feed_all_articles
Ethereum's journey from a visionary project to a cornerstone of blockchain tech,2024-07-23T17:05:27+00:00,Seeking Alpha,https://seekingalpha.com/news/4126878-ethereums-evolution-and-path-to-spot-etfs?utm_source=feed_news_all&utm_medium=referral&feed_item_type=news
Fidelity Ethereum Fund: My Personal Pick From The ETH ETFs,2024-07-23T16:05:57+00:00,Seeking Alpha,https://seekingalpha.com/article/4705839-fidelity-ethereum-fund-feth-my-pick-eth-etf?source=feed_all_articles
Snapshot of the new spot ethereum ETFs launching today,2024-07-23T15:26:33+00:00,Seeking Alpha,https://seekingalpha.com/news/4126853-a-quick-look-at-the-new-spot-ethereum-etfs-launching-today?utm_source=feed_news_all&utm_medium=referral&feed_item_type=news
"Ethereum (ETH) Price Tops $3,501.41 on Exchanges",2024-07-23T14:12:43+00:00,americanbankingnews,https://www.americanbankingnews.com/2024/07/23/ethereum-eth-price-tops-3501-41-on-exchanges.html
Franklin Templeton Launches Franklin Ethereum ETF (EZET),2024-07-23T13:31:06+00:00,4-traders,https://www.marketscreener.com/quote/stock/FRANKLIN-RESOURCES-INC-11807/news/Franklin-Templeton-Launches-Franklin-Ethereum-ETF-EZET-47445403/?utm_medium=RSS&utm_content=20240723
BlackRock's ETHA Debuts on Nasdaq,2024-07-23T12:33:06+00:00,4-traders,https://www.marketscreener.com/quote/stock/BLACKROCK-INC-11862/news/BlackRock-s-ETHA-Debuts-on-Nasdaq-47444822/?utm_medium=RSS&utm_content=20240723
Invesco and Galaxy to Launch the Invesco Galaxy Ethereum ETF (QETH),2024-07-23T12:31:15+00:00,4-traders,https://www.marketscreener.com/quote/stock/GALAXY-DIGITAL-HOLDINGS-L-49479424/news/Invesco-and-Galaxy-to-Launch-the-Invesco-Galaxy-Ethereum-ETF-QETH-47444778/?utm_medium=RSS&utm_content=20240723
WonderFi Provides Update on Bitcoin and Ethereum Treasury Program and Other Initiatives,2024-07-23T12:24:04+00:00,Investing.com | Stock Market Quotes &amp; Financial News,https://www.investing.com/news/press-releases/wonderfi-provides-update-on-bitcoin-and-ethereum-treasury-program-and-other-initiatives-93CH-3530920
Grayscale Ethereum Mini Trust: Buy The Big News,2024-07-23T11:15:56+00:00,Seeking Alpha,https://seekingalpha.com/article/4705725-grayscale-ethereum-mini-trust-eth-etf-buy-big-news?source=feed_all_articles
Crypto: Tactical Retreat from the Peak,2024-07-23T11:13:31+00:00,actionforex,https://www.actionforex.com/contributors/fundamental-analysis/560651-crypto-tactical-retreat-from-the-peak/
Spot ether ETFs are set to trade Tuesday. Here’s what it means for the Ethereum blockchain,2024-07-23T11:12:01+00:00,CNBC,https://www.cnbc.com/2024/07/23/spot-ether-etfs-set-to-debut-tuesday-what-it-means-for-ethereum-blockchain.html
Grayscale’s Spot Ether ETFs Launch On New York Stock Exchange,2024-07-23T10:58:52+00:00,theoptionsinsider,https://theoptionsinsider.com/news-feed/grayscales-spot-ether-etfs-launch-on-new-york-stock-exchange/
Grayscale Ethereum Mini Trust (Ticker: ETH) and Grayscale Ethereum Trust (Ticker: ETHE) Begin Trading on NYSE Arca as Spot Ethereum ETPs,2024-07-23T10:00:06+00:00,4-traders,https://www.marketscreener.com/quote/stock/GRAYSCALE-ETHEREUM-CLASSI-58528356/news/Grayscale-Ethereum-Mini-Trust-Ticker-ETH-and-Grayscale-Ethereum-Trust-Ticker-ETHE-Begin-Tradin-47442817/?utm_medium=RSS&utm_content=20240723
Bitwise debuts Ethereum ETF on NYSE,2024-07-23T00:52:00+00:00,betanews,https://betanews.com/2024/07/22/bitwise-ethereum-etf-nyse/
BlackRock's iShares Ethereum Trust ETF Set to Launch,2024-07-22T22:00:09+00:00,Investing.com | Stock Market Quotes &amp; Financial News,https://www.investing.com/news/press-releases/blackrocks-ishares-ethereum-trust-etf-set-to-launch-93CH-3530080
BlackRock's iShares Ethereum Trust ETF Set to Launch,2024-07-22T21:50:06+00:00,4-traders,https://www.marketscreener.com/quote/stock/BLACKROCK-INC-11862/news/BlackRock-s-iShares-Ethereum-Trust-ETF-Set-to-Launch-47438325/?utm_medium=RSS&utm_content=20240722
Superstate launches high yield carry fund for Bitcoin and Ethereum using tokens,2024-07-22T18:46:42+00:00,Fortune,https://fortune.com/crypto/2024/07/22/superstate-launches-high-yield-carry-fund-for-bitcoin-and-ethereum-using-tokens/
Ethereum (ETH) Trading Up 2.8% This Week,2024-07-22T15:56:48+00:00,americanbankingnews,https://www.americanbankingnews.com/2024/07/22/ethereum-eth-trading-up-2-8-this-week.html
Ethereum Classic (ETC) Price Up 6% This Week,2024-07-21T12:22:44+00:00,americanbankingnews,https://www.americanbankingnews.com/2024/07/21/ethereum-classic-etc-price-up-6-this-week.html
Ethereum Name Service Market Cap Reaches $854.02 Million (ENS),2024-07-21T12:08:49+00:00,americanbankingnews,https://www.americanbankingnews.com/2024/07/21/ethereum-name-service-market-cap-reaches-854-02-million-ens.html
Ethereum Trading Up 10.6% Over Last Week (ETH),2024-07-20T12:24:44+00:00,americanbankingnews,https://www.americanbankingnews.com/2024/07/20/ethereum-trading-up-10-6-over-last-week-eth.html
WazirX hacker swaps $150M of tokens to Ethereum,2024-07-19T14:35:11+00:00,readwriteweb,https://readwrite.com/wazirx-hacker-swaps-150m-of-tokens-to-ethereum/
Galaxy Digital acquires nearly all ethereum assets of CryptoManufaktur,2024-07-19T13:56:58+00:00,Seeking Alpha,https://seekingalpha.com/news/4125859-galaxy-digital-acquires-nearly-all-ethereum-assets-of-cryptomanufaktur?utm_source=feed_news_all&utm_medium=referral&feed_item_type=news
Ethereum: The Price Of Scalability,2024-07-19T13:50:50+00:00,Seeking Alpha,https://seekingalpha.com/article/4705087-ethereum-the-price-of-scalability?source=feed_all_articles
Grayscale Investments® Announces Record Date and Distribution Date for Grayscale Bitcoin Trust (Ticker: GBTC) Shareholders,2024-07-19T13:00:07+00:00,4-traders,https://www.marketscreener.com/quote/stock/GRAYSCALE-ETHEREUM-CLASSI-58528356/news/Grayscale-Investments-Announces-Record-Date-and-Distribution-Date-for-Grayscale-Bitcoin-Trust-Tic-47422672/?utm_medium=RSS&utm_content=20240719
Ethereum Classic (ETC) Trading 8.8% Higher Over Last Week,2024-07-19T11:30:45+00:00,americanbankingnews,https://www.americanbankingnews.com/2024/07/19/ethereum-classic-etc-trading-8-8-higher-over-last-week.html
Ethereum Name Service (ENS) Trading Up 2.8% This Week,2024-07-19T11:16:45+00:00,americanbankingnews,https://www.americanbankingnews.com/2024/07/19/ethereum-name-service-ens-trading-up-2-8-this-week.html
No Rush in Crypto,2024-07-19T11:10:00+00:00,actionforex,https://www.actionforex.com/contributors/fundamental-analysis/560214-no-rush-in-crypto/
"Ethereum ETF: Buy the rumor, sell the news?",2024-07-18T08:51:49+00:00,Investing.com | Stock Market Quotes &amp; Financial News,https://www.investing.com/news/cryptocurrency-news/ethereum-etf-buy-the-rumor-sell-the-news-3524341
VanEck Ethereum Strategy ETF (NYSEARCA:EFUT) Trading Down 1.4%,2024-07-18T06:42:46+00:00,americanbankingnews,https://www.americanbankingnews.com/2024/07/18/vaneck-ethereum-strategy-etf-nysearcaefut-trading-down-1-4.html
VanEck Ethereum Strategy ETF (NYSEARCA:EFUT) Trading Down 1.4%,2024-07-18T06:42:42+00:00,etfdailynews,https://www.etfdailynews.com/2024/07/18/vaneck-ethereum-strategy-etf-nysearcaefut-trading-down-1-4/
"Ethereum co-founder warns against voting only on 'pro-crypto,' a day after a16z founders support Trump",2024-07-17T20:22:24+00:00,CNBC,https://www.cnbc.com/2024/07/17/ethereum-co-founder-warns-against-voting-only-on-pro-crypto.html
Grayscale Investments ® Provides Update Related to Upcoming Corporate Action for Grayscale Ethereum Trust (Ticker: ETHE) Shareholders,2024-07-17T18:56:05+00:00,Investing.com | Stock Market Quotes &amp; Financial News,https://www.investing.com/news/press-releases/grayscale-investments--provides-update-related-to-upcoming-corporate-action-for-grayscale-ethereum-trust-ticker-ethe-shareholders-93CH-3523522
Grayscale Investments® Provides Update Related to Upcoming Corporate Action for Grayscale Ethereum Trust (Ticker: ETHE) Shareholders,2024-07-17T18:44:07+00:00,4-traders,https://www.marketscreener.com/quote/stock/GRAYSCALE-ETHEREUM-CLASSI-58528356/news/Grayscale-Investments-Provides-Update-Related-to-Upcoming-Corporate-Action-for-Grayscale-Ethereum-47405375/?utm_medium=RSS&utm_content=20240717
Grayscale Investments® Launches New Decentralized AI Fund,2024-07-17T13:31:06+00:00,4-traders,https://www.marketscreener.com/quote/stock/GRAYSCALE-ETHEREUM-CLASSI-58528356/news/Grayscale-Investments-Launches-New-Decentralized-AI-Fund-47401862/?utm_medium=RSS&utm_content=20240717
"Ethereum (ETH) Price Reaches $3,456.91 on Top Exchanges",2024-07-17T12:54:43+00:00,americanbankingnews,https://www.americanbankingnews.com/2024/07/17/ethereum-eth-price-reaches-3456-91-on-top-exchanges.html
Crypto Market Reversal Saves XRP & Litecoin from Collapse,2024-07-17T11:22:20+00:00,actionforex,https://www.actionforex.com/contributors/fundamental-analysis/559864-crypto-market-reversal-saves-xrp-litecoin-from-collapse/
Ethereum Classic Price Hits $23.25 on Exchanges (ETC),2024-07-16T12:42:48+00:00,americanbankingnews,https://www.americanbankingnews.com/2024/07/16/ethereum-classic-price-hits-23-25-on-exchanges-etc.html
WonderFi Provides Update on Bitcoin and Ethereum Treasury Program,2024-07-16T12:05:07+00:00,4-traders,https://www.marketscreener.com/quote/stock/WONDERFI-TECHNOLOGIES-INC-126415781/news/WonderFi-Provides-Update-on-Bitcoin-and-Ethereum-Treasury-Program-47391182/?utm_medium=RSS&utm_content=20240716
Bitcoin and Ethereum Test 50-Day MAs,2024-07-16T07:59:00+00:00,actionforex,https://www.actionforex.com/contributors/fundamental-analysis/559651-bitcoin-and-ethereum-test-50-day-mas/
"Ethereum (ETH) Performs Fundamental $3,500 Breakthrough, Bitcoin (BTC) to Easily Reach $65,000, Will XRP Finally Break This Major Resistance?",2024-07-16T05:00:23+00:00,Investing.com | Stock Market Quotes &amp; Financial News,https://www.investing.com/news/cryptocurrency-news/ethereum-eth-performs-fundamental-3500-breakthrough-bitcoin-btc-to-easily-reach-65000-will-xrp-finally-break-this-major-resistance-3520109
"ETHER ETF ISSUERS MUST STILL FILE FINAL S-1 DOCUMENTS, INDUSTRY&#8230;",2024-07-15T20:24:16+00:00,4-traders,https://www.marketscreener.com/quote/cryptocurrency/ETHEREUM-ETH-USD-45554109/news/ETHER-ETF-ISSUERS-MUST-STILL-FILE-FINAL-S-1-DOCUMENTS-INDUSTRY-47385100/?utm_medium=RSS&utm_content=20240715
Ethereum Classic Tops 24-Hour Trading Volume of $133.67 Million (ETC),2024-07-15T16:34:44+00:00,americanbankingnews,https://www.americanbankingnews.com/2024/07/15/ethereum-classic-tops-24-hour-trading-volume-of-133-67-million-etc.html
Ethereum Name Service (ENS) Price Hits $27.33 on Top Exchanges,2024-07-15T15:46:44+00:00,americanbankingnews,https://www.americanbankingnews.com/2024/07/15/ethereum-name-service-ens-price-hits-27-33-on-top-exchanges.html
Ethereum Hits 24-Hour Trading Volume of $13.73 Billion (ETH),2024-07-15T14:26:45+00:00,americanbankingnews,https://www.americanbankingnews.com/2024/07/15/ethereum-hits-24-hour-trading-volume-of-13-73-billion-eth.html
"Bitcoin ready for new record high, Ethereum following",2024-07-15T07:31:40+00:00,actionforex,https://www.actionforex.com/live-comments/559489-bitcoin-ready-for-new-record-high-ethereum-following/
Ethereum Classic One Day Trading Volume Tops $152.87 Million (ETC),2024-07-14T11:43:02+00:00,americanbankingnews,https://www.americanbankingnews.com/2024/07/14/ethereum-classic-one-day-trading-volume-tops-152-87-million-etc.html
Ethereum Name Service 24 Hour Trading Volume Hits $102.06 Million (ENS),2024-07-14T11:08:45+00:00,americanbankingnews,https://www.americanbankingnews.com/2024/07/14/ethereum-name-service-24-hour-trading-volume-hits-102-06-million-ens.html
Ethereum Classic (ETC) Achieves Market Capitalization of $3.09 Billion,2024-07-12T11:54:43+00:00,americanbankingnews,https://www.americanbankingnews.com/2024/07/12/ethereum-classic-etc-achieves-market-capitalization-of-3-09-billion.html
Ethereum Name Service Hits 24 Hour Volume of $167.91 Million (ENS),2024-07-12T11:10:44+00:00,americanbankingnews,https://www.americanbankingnews.com/2024/07/12/ethereum-name-service-hits-24-hour-volume-of-167-91-million-ens.html
WonderFi Launches Strategic Bitcoin and Ethereum Buying Plan to Diversify Treasury Assets,2024-07-10T12:05:07+00:00,4-traders,https://www.marketscreener.com/quote/stock/WONDERFI-TECHNOLOGIES-INC-126415781/news/WonderFi-Launches-Strategic-Bitcoin-and-Ethereum-Buying-Plan-to-Diversify-Treasury-Assets-47352668/?utm_medium=RSS&utm_content=20240710
Ethereum Trading Down 6% Over Last Week (ETH),2024-07-10T11:46:46+00:00,americanbankingnews,https://www.americanbankingnews.com/2024/07/10/ethereum-trading-down-6-over-last-week-eth.html
Bitcoin Strives for Recovery: Will It Overcome Major Roadblocks?,2024-07-10T02:43:53+00:00,actionforex,https://www.actionforex.com/contributors/technical-analysis/558852-bitcoin-strives-for-recovery-will-it-overcome-major-roadblocks/
"Ethereum Price Tops $3,050.30 on Major Exchanges (ETH)",2024-07-09T15:38:44+00:00,americanbankingnews,https://www.americanbankingnews.com/2024/07/09/ethereum-price-tops-3050-30-on-major-exchanges-eth.html
Polkadot Leads Way As Large Cryptocurrencies Post Increases,2024-07-09T14:17:34+00:00,4-traders,https://www.marketscreener.com/quote/cryptocurrency/POLKADOT-DOT-USD-119643046/news/Polkadot-Leads-Way-As-Large-Cryptocurrencies-Post-Increases-47344915/?utm_medium=RSS&utm_content=20240709
Ethereum launches $2M ‘Attackathon’ security audit,2024-07-09T09:53:35+00:00,readwriteweb,https://readwrite.com/ethereum-launches-2m-attackathon-security-audit/
Grayscale Investments® Announces Record Date and Ex-Distribution Date for Grayscale Ethereum Trust (Ticker: ETHE) Shareholders,2024-07-08T20:31:06+00:00,4-traders,https://www.marketscreener.com/quote/stock/GRAYSCALE-ETHEREUM-CLASSI-58528356/news/Grayscale-Investments-Announces-Record-Date-and-Ex-Distribution-Date-for-Grayscale-Ethereum-Trust-47338042/?utm_medium=RSS&utm_content=20240708
"Spot ether ETFs are coming, with SEC ruling maybe as soon as this week or next",2024-07-08T15:47:00+00:00,Cnbc | World Business News Leader,https://www.cnbc.com/2024/07/08/spot-ether-etfs-are-coming-with-sec-ruling-expected-soon-.html
Ethereum Classic (ETC) Trading Down 14.9% This Week,2024-07-08T15:32:44+00:00,americanbankingnews,https://www.americanbankingnews.com/2024/07/08/ethereum-classic-etc-trading-down-14-9-this-week.html
Ethereum Name Service 1-Day Trading Volume Tops $214.75 Million (ENS),2024-07-08T14:50:47+00:00,americanbankingnews,https://www.americanbankingnews.com/2024/07/08/ethereum-name-service-1-day-trading-volume-tops-214-75-million-ens.html
Ethereum Tops One Day Volume of $18.42 Billion (ETH),2024-07-08T13:38:46+00:00,americanbankingnews,https://www.americanbankingnews.com/2024/07/08/ethereum-tops-one-day-volume-of-18-42-billion-eth.html
Ethereum (ETHUSD) Incomplete Sequences Calling the Decline,2024-07-08T11:24:05+00:00,actionforex,https://www.actionforex.com/contributors/technical-analysis/558605-ethereum-ethusd-incomplete-sequences-calling-the-decline-2/
Blockchain Beyond Cryptocurrencies: Real-World Applications,2024-07-08T05:21:57+00:00,Insights Success,https://insightssuccess.com/blockchain-beyond-cryptocurrencies-real-world-applications/
Ethereum Classic (ETC) 24-Hour Trading Volume Reaches $121.91 Million,2024-07-07T11:34:55+00:00,americanbankingnews,https://www.americanbankingnews.com/2024/07/07/ethereum-classic-etc-24-hour-trading-volume-reaches-121-91-million.html
Ethereum Name Service Market Cap Hits $753.54 Million (ENS),2024-07-06T12:40:55+00:00,americanbankingnews,https://www.americanbankingnews.com/2024/07/06/ethereum-name-service-market-cap-hits-753-54-million-ens.html
Ethereum Achieves Market Capitalization of $361.70 Billion (ETH),2024-07-06T11:32:43+00:00,americanbankingnews,https://www.americanbankingnews.com/2024/07/06/ethereum-achieves-market-capitalization-of-361-70-billion-eth.html
"Grayscale ® Digital Large Cap Fund, Grayscale ® DeFi Fund, and Grayscale ® Smart Contract Platform Ex-Ethereum Fund Announce Rebalancing of Funds for Second Quarter 2024",2024-07-05T20:32:04+00:00,Investing.com | Stock Market Quotes &amp; Financial News,https://www.investing.com/news/press-releases/grayscale--digital-large-cap-fund-grayscale--defi-fund-and-grayscale--smart-contract-platform-exethereum-fund-announce-rebalancing-of-funds-for-second-quarter-2024-93CH-3509370
"Grayscale® Digital Large Cap Fund, Grayscale® DeFi Fund, and Grayscale® Smart Contract Platform Ex-Ethereum Fund Announce Rebalancing of Funds for Second Quarter 2024",2024-07-05T20:16:05+00:00,4-traders,https://www.marketscreener.com/quote/stock/GRAYSCALE-ETHEREUM-CLASSI-58528356/news/Grayscale-Digital-Large-Cap-Fund-Grayscale-DeFi-Fund-and-Grayscale-Smart-Contract-Platform-E-47323192/?utm_medium=RSS&utm_content=20240705
Ethereum Traders Turn Bearish As ETH Price Dips Under $3K,2024-07-05T19:54:40+00:00,theoptionsinsider,https://theoptionsinsider.com/news-feed/ethereum-traders-turn-bearish-as-eth-price-dips-under-3k/
Ethereum Classic Reaches 1-Day Volume of $335.36 Million (ETC),2024-07-05T11:52:44+00:00,americanbankingnews,https://www.americanbankingnews.com/2024/07/05/ethereum-classic-reaches-1-day-volume-of-335-36-million-etc.html
Ethereum Falls 10% In Bearish Trade,2024-07-05T03:12:57+00:00,Investing.com | Stock Market Quotes &amp; Financial News,https://www.investing.com/news/cryptocurrency-news/ethereum-falls-10-in-bearish-trade-3508562
ETF Ethereum Spot: Approval this summer? - Crypto Recap,2024-07-04T14:15:16+00:00,4-traders,https://www.marketscreener.com/news/latest/ETF-Ethereum-Spot-Approval-this-summer-Crypto-Recap--47312127/?utm_medium=RSS&utm_content=20240704
Ethereum Classic (ETC) Price Reaches $21.69,2024-07-04T12:30:57+00:00,americanbankingnews,https://www.americanbankingnews.com/2024/07/04/ethereum-classic-etc-price-reaches-21-69.html
Ethereum Name Service Trading 0.8% Lower This Week (ENS),2024-07-04T11:56:47+00:00,americanbankingnews,https://www.americanbankingnews.com/2024/07/04/ethereum-name-service-trading-0-8-lower-this-week-ens.html
Bitcoin More Likely to Fall to $51.5K Than Rise to $65.8K,2024-07-04T10:59:56+00:00,actionforex,https://www.actionforex.com/contributors/fundamental-analysis/558167-bitcoin-more-likely-to-fall-to-51-5k-than-rise-to-65-8k/
Grayscale Ethereum Classic Trust (ETC) (OTCMKTS:ETCG) Short Interest Update,2024-07-04T07:44:43+00:00,americanbankingnews,https://www.americanbankingnews.com/2024/07/04/grayscale-ethereum-classic-trust-etc-otcmktsetcg-short-interest-update.html
Ethereum Name Service (ENS) Tops 24 Hour Volume of $198.95 Million,2024-07-03T11:14:52+00:00,americanbankingnews,https://www.americanbankingnews.com/2024/07/03/ethereum-name-service-ens-tops-24-hour-volume-of-198-95-million.html
Grayscale Ethereum Classic Trust (ETC) (OTCMKTS:ETCG) Short Interest Update,2024-07-03T08:58:46+00:00,etfdailynews,https://www.etfdailynews.com/2024/07/03/grayscale-ethereum-classic-trust-etc-otcmktsetcg-short-interest-update/
"Bitcoin, Ether et autres cryptoactifs : un eldorado numérique ou une illusion éphémère ?",2024-07-02T15:30:00+00:00,mwcnews,https://mwcnews.net/bitcoin-ether-et-autres-cryptoactifs-un-eldorado-numerique-ou-une-illusion-ephemere/
"Ethereum Price Reaches $3,402.70 on Exchanges (ETH)",2024-07-02T15:02:44+00:00,americanbankingnews,https://www.americanbankingnews.com/2024/07/02/ethereum-price-reaches-3402-70-on-exchanges-eth.html
"NFT auction raises USD 6,000 for tiger conservation",2024-07-02T06:55:42+00:00,KuenselOnline.com,https://kuenselonline.com/nft-auction-raises-usd-6000-for-tiger-conservation/
Farcaster simplifies crypto transactions using USDC stablecoins,2024-07-01T22:15:00+00:00,appolicious,https://www.newsreports.com/farcaster-simplifies-crypto-transactions-using-usdc-stablecoins/
Ethereum Classic (ETC) Price Hits $23.58 on Major Exchanges,2024-07-01T14:26:44+00:00,americanbankingnews,https://www.americanbankingnews.com/2024/07/01/ethereum-classic-etc-price-hits-23-58-on-major-exchanges.html
Ethereum Name Service (ENS) 24-Hour Volume Reaches $324.57 Million,2024-07-01T13:54:43+00:00,americanbankingnews,https://www.americanbankingnews.com/2024/07/01/ethereum-name-service-ens-24-hour-volume-reaches-324-57-million.html
Ethereum (ETH) Trading Up 4.1% Over Last Week,2024-07-01T12:40:48+00:00,americanbankingnews,https://www.americanbankingnews.com/2024/07/01/ethereum-eth-trading-up-4-1-over-last-week.html
