Title,Published At,URL,Source
Can‚Äôt withdrawal ,2024-10-06,https://www.reddit.com/r/ethereum/comments/1fxbqva/cant_withdrawal/,Reddit
"When using Groth16 on Ethereum through ·¥á…™·¥ò‚Äí197, is it really needed to change both G‚ÇÇ points of the public & private inputs in the trusted setup for avoiding public input forgery‚ÄØ?",2024-10-05,https://www.reddit.com/r/ethereum/comments/1fx0p9h/when_using_groth16_on_ethereum_through_·¥á…™·¥ò197_is/,Reddit
What is the Ethereum Virtual Machine (EVM)? Backpack üéí Learn,2024-10-05,https://learn.backpack.exchange/articles/what-is-the-ethereum-virtual-machine-evm,Reddit
Staking or not staking? That is the question‚Ä¶,2024-10-05,https://www.reddit.com/r/ethereum/comments/1fwqeqp/staking_or_not_staking_that_is_the_question/,Reddit
Latest Week in Ethereum News,2024-10-05,https://weekinethereumnews.com/week-in-ethereum-news-october-5-2024,Reddit
Re-staking ETH,2024-10-05,https://www.reddit.com/r/ethereum/comments/1fweboc/restaking_eth/,Reddit
Dissection of an ERC-20 StableCoin: Understanding the stablecoin smart contract,2024-10-04,https://www.reddit.com/r/ethereum/comments/1fw6zay/dissection_of_an_erc20_stablecoin_understanding/,Reddit
Please Help Us Understand Smart Contract Development Practices!,2024-10-04,https://www.reddit.com/r/ethereum/comments/1fw5ohu/please_help_us_understand_smart_contract/,Reddit
Ethereum Q3‚Äô2024 Highlights,2024-10-04,https://www.reddit.com/r/ethereum/comments/1fvu8qx/ethereum_q32024_highlights/,Reddit
I got hacked and stolen $45K off my wallet,2024-10-04,https://www.reddit.com/r/ethereum/comments/1fvto3w/i_got_hacked_and_stolen_45k_off_my_wallet/,Reddit
Need Sepolia ETH (testnet)!,2024-10-03,https://www.reddit.com/r/ethereum/comments/1fvhw5l/need_sepolia_eth_testnet/,Reddit
Am I getting scammed?,2024-10-02,https://www.reddit.com/r/ethereum/comments/1fus4hg/am_i_getting_scammed/,Reddit
What are data that are cached for each process?,2024-10-02,https://www.reddit.com/r/ethereum/comments/1fu5juu/what_are_data_that_are_cached_for_each_process/,Reddit
What kind of inscription is this?,2024-10-01,https://www.reddit.com/r/ethereum/comments/1ftj6oa/what_kind_of_inscription_is_this/,Reddit
Need help recovering erc20 tokens,2024-10-01,https://www.reddit.com/r/ethereum/comments/1ftbxqt/need_help_recovering_erc20_tokens/,Reddit
Where&how to stake Ethereum,2024-09-30,https://www.reddit.com/r/ethereum/comments/1ft8bur/wherehow_to_stake_ethereum/,Reddit
Block with gas limit >30m?,2024-09-30,https://www.reddit.com/r/ethereum/comments/1ft87zc/block_with_gas_limit_30m/,Reddit
"Georgios Konstantopoulos on Reth, engineering management, and feedback loops",2024-09-30,https://www.intothebytecode.com/41-georgios-konstantopoulos/,Reddit
Eth locked LPs?,2024-09-30,https://www.reddit.com/r/ethereum/comments/1fsxs5v/eth_locked_lps/,Reddit
Can It Be Written In Sand?,2024-09-30,https://www.reddit.com/r/ethereum/comments/1fsu3bb/can_it_be_written_in_sand/,Reddit
Advice on what to learn and practice for CFD trading,2024-09-30,https://www.reddit.com/r/ethereum/comments/1fssw5f/advice_on_what_to_learn_and_practice_for_cfd/,Reddit
"An update from the public good project, building an ultimate tool for web3 communities",2024-09-29,https://www.reddit.com/r/ethereum/comments/1fsdhmq/an_update_from_the_public_good_project_building/,Reddit
Best Practices for Diversity of Execution and Consensus Clients,2024-09-29,https://www.reddit.com/r/ethereum/comments/1fs9cuy/best_practices_for_diversity_of_execution_and/,Reddit
"For anyone who's interested in EVM, I added some extra explanation in Huff docs Simple Storage tutorial for newcomers",2024-09-29,https://www.reddit.com/r/ethereum/comments/1fs8igk/for_anyone_whos_interested_in_evm_i_added_some/,Reddit
"Question: is there an ethereum messaging system, that actually works?",2024-09-29,https://www.reddit.com/r/ethereum/comments/1fs7rtl/question_is_there_an_ethereum_messaging_system/,Reddit
"When using the ·¥á…™·¥ò‚Äë197 precompile, is there a risk of forgery when allowing the degeneracy of bilinear pairings when using Groth16 with public inputs‚ÄØ? If not, how to rework the Groth16 protocol in order to let verifier ditching a pairing e(C,vk) when calling the precompile as a gas saving measure‚ÄØ?",2024-09-29,https://www.reddit.com/r/ethereum/comments/1fs3yym/when_using_the_·¥á…™·¥ò197_precompile_is_there_a_risk/,Reddit
Devcon - ticket or no ticket?,2024-09-29,https://www.reddit.com/r/ethereum/comments/1fryttu/devcon_ticket_or_no_ticket/,Reddit
Best Ethereum Layer 2 for Privacy,2024-09-28,https://www.reddit.com/r/ethereum/comments/1frph6d/best_ethereum_layer_2_for_privacy/,Reddit
How much do you agree with this on hot wallet?,2024-09-28,https://www.reddit.com/r/ethereum/comments/1frlka6/how_much_do_you_agree_with_this_on_hot_wallet/,Reddit
Is it possible to check which data types are present in a function?,2024-09-28,https://www.reddit.com/r/ethereum/comments/1frfinc/is_it_possible_to_check_which_data_types_are/,Reddit
When will the value proposition incentivizing mass end user adoption emerge?,2024-09-28,https://www.reddit.com/r/ethereum/comments/1fragsv/when_will_the_value_proposition_incentivizing/,Reddit
Is there an L2 equivalent/fork of Liquity's Interest-Free Lending Protocol?,2024-09-28,https://www.reddit.com/r/ethereum/comments/1fr2gvo/is_there_an_l2_equivalentfork_of_liquitys/,Reddit
üåçüêç Meet EtherSnek: The Cosmic Snake of the Ether üêçüåç,2024-09-27,https://www.reddit.com/r/ethereum/comments/1fqsue1/meet_ethersnek_the_cosmic_snake_of_the_ether/,Reddit
Base blockchain by Coinbase showing explosive growth,2024-09-27,https://dune.com/sealaunch/base-metrics-analytics-coinbase,Reddit
"Desperate.  Swaps failing 24 hrs. ""The contract function ""approve"" reverted"".",2024-09-27,https://www.reddit.com/r/ethereum/comments/1fqgt1m/desperate_swaps_failing_24_hrs_the_contract/,Reddit
When does Ethereum trading reset for the day?,2024-09-26,https://www.reddit.com/r/ethereum/comments/1fqa3k9/when_does_ethereum_trading_reset_for_the_day/,Reddit
Any non-KYC exchanges where I can sell ETH for Euro?,2024-09-26,https://www.reddit.com/r/ethereum/comments/1fq2rhd/any_nonkyc_exchanges_where_i_can_sell_eth_for_euro/,Reddit
Which of the ETH L2 tokens has a usage?,2024-09-26,https://www.reddit.com/r/ethereum/comments/1fpn85a/which_of_the_eth_l2_tokens_has_a_usage/,Reddit
"08/15/2024 The hacker transferred all of the cryptocurrencies (about $70,000) from my Metamask account",2024-09-25,https://www.reddit.com/r/ethereum/comments/1fpd4ia/08152024_the_hacker_transferred_all_of_the/,Reddit
Can We Create a Sustainable Social Token for Artists?,2024-09-25,https://www.reddit.com/r/ethereum/comments/1fp2jj6/can_we_create_a_sustainable_social_token_for/,Reddit
Best place to add liquidity for meme coins on Ethereum?,2024-09-25,https://www.reddit.com/r/ethereum/comments/1foydp0/best_place_to_add_liquidity_for_meme_coins_on/,Reddit
"Web3 Startup, Infrastructure or dApps?",2024-09-25,https://www.reddit.com/r/ethereum/comments/1foxc3j/web3_startup_infrastructure_or_dapps/,Reddit
Profanity address .eth name recovery,2024-09-25,https://www.reddit.com/r/ethereum/comments/1foukk3/profanity_address_eth_name_recovery/,Reddit
Jaredfromsubway.eth mev attacks.,2024-09-24,https://eigenphi.substack.com/p/jared-2-cunninger-sandwiches,Reddit
What's the latest news in the world of ETH?,2024-09-24,https://www.reddit.com/r/ethereum/comments/1foit1r/whats_the_latest_news_in_the_world_of_eth/,Reddit
Practical implications of finality time for L2s,2024-09-24,https://www.reddit.com/r/ethereum/comments/1fofsdv/practical_implications_of_finality_time_for_l2s/,Reddit
Does crypto arbitrage on dex even work?,2024-09-24,https://www.reddit.com/r/ethereum/comments/1focmk5/does_crypto_arbitrage_on_dex_even_work/,Reddit
RWA,2024-09-24,https://www.reddit.com/r/ethereum/comments/1foccio/rwa/,Reddit
Questions about the next upgrade,2024-09-23,https://www.reddit.com/r/ethereum/comments/1fns2a1/questions_about_the_next_upgrade/,Reddit
Top Web3 Platforms Transforming Philanthropy in 2024,2024-09-23,https://www.coingabbar.com/en/crypto-blogs-details/top-5-web3-apps-revolutionizing-philanthropy-in-2024#google_vignette,Reddit
How do I query on Ethereum Mainnet Snapshots? [Beginner],2024-09-22,https://www.reddit.com/r/ethereum/comments/1fmzezq/how_do_i_query_on_ethereum_mainnet_snapshots/,Reddit
Am I one if the original holders after the founders?,2024-09-22,https://www.reddit.com/r/ethereum/comments/1fmz76g/am_i_one_if_the_original_holders_after_the/,Reddit
Vorbit SSF with circular and spiral finality: validator selection and distribution,2024-09-21,https://ethresear.ch/t/vorbit-ssf-with-circular-and-spiral-finality-validator-selection-and-distribution/20464,Reddit
Vitalik Buterin Documentary ‚ÄúVitalik: An Ethereum Story‚Äù Now Available for Streaming,2024-09-21,https://coinstats.app/news/9f7ada1ba16b065718146f797e075ed44f2447a28fbb69ddd545253ac2196783_Vitalik-Buterin-Documentary-%E2%80%9CVitalik%3A-An-Ethereum-Story%E2%80%9D-Now-Available-for-Streaming/,Reddit
Latest Week in Ethereum News,2024-09-21,https://weekinethereumnews.com/week-in-ethereum-news-september-21-2024,Reddit
How on Earth do I get Geth working with Prysm???,2024-09-20,https://www.reddit.com/r/ethereum/comments/1flkxur/how_on_earth_do_i_get_geth_working_with_prysm/,Reddit
Vitalik Buterin on political philosophy in the 21st century,2024-09-20,https://www.intothebytecode.com/40-vitalik-buterin/,Reddit
ethereum film release,2024-09-20,https://www.reddit.com/r/ethereum/comments/1flh5ne/ethereum_film_release/,Reddit
A Radically Simple Guide to Unlocking the Power of Linux in Web3 | Cartesi,2024-09-20,https://www.reddit.com/r/ethereum/comments/1flfouj/a_radically_simple_guide_to_unlocking_the_power/,Reddit
Self custodial app that let business generate QR code of USDC payment,2024-09-20,https://www.reddit.com/r/ethereum/comments/1fl7u35/self_custodial_app_that_let_business_generate_qr/,Reddit
Need Sepolia ETH for dissertation,2024-09-20,https://www.reddit.com/r/ethereum/comments/1fl6f2r/need_sepolia_eth_for_dissertation/,Reddit
Research on the topic of smart contract scam,2024-09-19,https://www.reddit.com/r/ethereum/comments/1fkuh7e/research_on_the_topic_of_smart_contract_scam/,Reddit
Transferring fee from 1 exchange to another,2024-09-19,https://www.reddit.com/r/ethereum/comments/1fknkuk/transferring_fee_from_1_exchange_to_another/,Reddit
Ethereum‚Äôs Got Talent? Vitalik‚Äôs Token2049 Serenade Echoes His Legendary ETH 2.0 Rap,2024-09-18,https://dailycoin.com/vitaliks-encore-from-ethereum-rap-to-token2049-sing-song/,Reddit
Account Abstraction: Crypto Beyond Private Keys,2024-09-18,https://www.reddit.com/r/ethereum/comments/1fjul7q/account_abstraction_crypto_beyond_private_keys/,Reddit
PSA - don't get your computer infected by a new captcha infection tactic,2024-09-18,/r/CryptoCurrency/comments/1fjllpo/psa_dont_get_your_computer_infected_by_a_new/,Reddit
"Staking third party versus becoming my own validator, help?",2024-09-18,https://www.reddit.com/r/ethereum/comments/1fji1u2/staking_third_party_versus_becoming_my_own/,Reddit
"Safest way to stake $1,000,000?",2024-09-17,https://www.reddit.com/r/ethereum/comments/1fjbkws/safest_way_to_stake_1000000/,Reddit
Which validator node is better: Rocket Pool or Puffeth?,2024-09-17,https://www.reddit.com/r/ethereum/comments/1fiyviy/which_validator_node_is_better_rocket_pool_or/,Reddit
Expected eth node apr?,2024-09-17,https://www.reddit.com/r/ethereum/comments/1fiw1hq/expected_eth_node_apr/,Reddit
Can KYC Add Security Without Compromising Decentralization? ü§î ,2024-09-16,https://www.reddit.com/r/ethereum/comments/1fidaes/can_kyc_add_security_without_compromising/,Reddit
Beginner question ,2024-09-16,https://www.reddit.com/r/ethereum/comments/1fi6x3g/beginner_question/,Reddit
Vitalik speaks about the importance of solo staking for Ethereum's future!,2024-09-16,https://www.reddit.com/r/ethereum/comments/1fi61it/vitalik_speaks_about_the_importance_of_solo/,Reddit
Delta Prime Defi Project Hacked for ~6 Million Dollars,2024-09-16,https://www.reddit.com/r/ethereum/comments/1fi28ep/delta_prime_defi_project_hacked_for_6_million/,Reddit
A Security Auditing Framework for Smart Contracts and Decentralized Finance? üîí,2024-09-16,https://www.reddit.com/r/ethereum/comments/1fi0dqd/a_security_auditing_framework_for_smart_contracts/,Reddit
"Lido is at 28% Staked ETH? It is getting closer to 33%, Also Prysm is used at 37%...Thoughs?",2024-09-16,https://www.reddit.com/r/ethereum/comments/1fhuxln/lido_is_at_28_staked_eth_it_is_getting_closer_to/,Reddit
UK Parliament Introduces Bill to Recognize Bitcoin and Crypto as Personal Property,2024-09-15,https://bitcoinmagazine.com/markets/uk-parliament-introduces-bill-to-recognize-bitcoin-and-crypto-as-personal-property,Reddit
Do I still keep my ETH?,2024-09-15,https://www.reddit.com/r/ethereum/comments/1fhm1h3/do_i_still_keep_my_eth/,Reddit
Any tips on how to protect your node and rpc from hacking?,2024-09-15,https://www.reddit.com/r/ethereum/comments/1fhjb7r/any_tips_on_how_to_protect_your_node_and_rpc_from/,Reddit
A Comprehensive Guide: How To Calculate Your Celsius Losses (with examples!),2024-09-15,https://www.reddit.com/r/ethereum/comments/1fhh58l/a_comprehensive_guide_how_to_calculate_your/,Reddit
Exploring Ethereum Validator: how to to become validator ,2024-09-15,https://www.reddit.com/r/ethereum/comments/1fh7xk3/exploring_ethereum_validator_how_to_to_become/,Reddit
VanEck announces Ethereum ETF will be shut down,2024-09-14,https://www.vaneck.com/us/en/press-releases/vaneck-announces-changes-to-etf-product-line-ethereum-strategy-etf.pdf,Reddit
AI integration with DApps,2024-09-14,https://www.reddit.com/r/ethereum/comments/1fgkdcv/ai_integration_with_dapps/,Reddit
"Latest Week in Ethereum News: Danny Ryan taking indefinite break, Pectra upgrade split proposed & cbBTC live",2024-09-14,https://weekinethereumnews.com/week-in-ethereum-news-september-14-2024,Reddit
Funds stuck in Walleth android wallet,2024-09-14,https://www.reddit.com/r/ethereum/comments/1fgap2b/funds_stuck_in_walleth_android_wallet/,Reddit
What would it take to replace Ethereum's transaction signature scheme?,2024-09-13,https://www.reddit.com/r/ethereum/comments/1fg3g3g/what_would_it_take_to_replace_ethereums/,Reddit
Confusion with a  definition in the Ethereum Yellow Paper,2024-09-13,https://www.reddit.com/r/ethereum/comments/1ffql6t/confusion_with_a_definition_in_the_ethereum/,Reddit
Bridging WETH from Polygon to the ETH network,2024-09-13,https://www.reddit.com/r/ethereum/comments/1ffq15t/bridging_weth_from_polygon_to_the_eth_network/,Reddit
Eth2spec not maintained anymore?,2024-09-13,https://www.reddit.com/r/ethereum/comments/1ffnkbe/eth2spec_not_maintained_anymore/,Reddit
Stablecoin Overcolateralized,2024-09-13,https://www.reddit.com/r/ethereum/comments/1ffm0d2/stablecoin_overcolateralized/,Reddit
Ethereum and LST's Tokens,2024-09-12,https://www.reddit.com/r/ethereum/comments/1ff71re/ethereum_and_lsts_tokens/,Reddit
How could I frontrun without the expense of others?,2024-09-12,https://www.reddit.com/r/ethereum/comments/1ff6m0m/how_could_i_frontrun_without_the_expense_of_others/,Reddit
Help me understand my Hacked Wallet. ,2024-09-12,https://www.reddit.com/r/ethereum/comments/1ff6hqz/help_me_understand_my_hacked_wallet/,Reddit
Sharing my Fitness DApp project,2024-09-12,https://www.reddit.com/r/ethereum/comments/1ff3b6l/sharing_my_fitness_dapp_project/,Reddit
Ethereum Name Service protects you from address poisoning and copy/paste mistakes,2024-09-12,https://www.reddit.com/r/ethereum/comments/1ff032g/ethereum_name_service_protects_you_from_address/,Reddit
Devcon Student Ticket Approval Time,2024-09-12,https://www.reddit.com/r/ethereum/comments/1fezzle/devcon_student_ticket_approval_time/,Reddit
Need Help with Transaction,2024-09-12,https://www.reddit.com/r/ethereum/comments/1feyzvc/need_help_with_transaction/,Reddit
Ethereum stablecoin volume hits record $1.46 trillion as DeFi demand surges,2024-09-11,https://www.theblock.co/post/315362/ethereum-stablecoin-volume-hits-record-1-46-trillion-as-defi-demand-surges,Reddit
PEEPanEIP-Pectra Devnet with Parithosh Jayanthi & Mario Vega,2024-09-11,https://www.reddit.com/r/ethereum/comments/1feck2w/peepaneippectra_devnet_with_parithosh_jayanthi/,Reddit
Tornado Cash,2024-09-11,https://www.reddit.com/r/ethereum/comments/1fe7f8z/tornado_cash/,Reddit
"Venmo, PayPal Integrate ENS Domains",2024-09-10,https://www.bankless.com/venmo-paypal-integrate-ens-domains,Reddit
üçÑ Stereum Ethereum Node Setup & Manager 2.2.2,2024-09-10,/r/ethstaker/comments/1fdog6r/stereum_ethereum_node_setup_manager_222/,Reddit
opinion about rabby wallet??,2024-09-09,https://www.reddit.com/r/ethereum/comments/1fcrh94/opinion_about_rabby_wallet/,Reddit
How long will a 2TB ssd drive last for the node to work?,2024-09-10,https://www.reddit.com/r/ethereum/comments/1fd8dmj/how_long_will_a_2tb_ssd_drive_last_for_the_node/,Reddit
"In 2024, What is the downside (except liquidity) to staking my ETH using my Ledger App?",2024-09-09,https://www.reddit.com/r/ethereum/comments/1fcztp0/in_2024_what_is_the_downside_except_liquidity_to/,Reddit
Use Case is Central on ETH's Road to Internet Money or Value Store,2024-09-09,https://www.reddit.com/r/ethereum/comments/1fcyp7h/use_case_is_central_on_eths_road_to_internet/,Reddit
Help me prove ETH is more than Finance,2024-09-09,https://www.reddit.com/r/ethereum/comments/1fcw8a3/help_me_prove_eth_is_more_than_finance/,Reddit
An update from Lido contributors on risk assessment for its Community Staking Module (CSM) with suggested risk parameters ,2024-09-09,https://www.reddit.com/r/ethereum/comments/1fcrxkb/an_update_from_lido_contributors_on_risk/,Reddit
Recurring payment smart contract?,2024-09-09,https://www.reddit.com/r/ethereum/comments/1fcenze/recurring_payment_smart_contract/,Reddit
Practical use cases for ETH that you are using right now?,2024-09-08,https://www.reddit.com/r/ethereum/comments/1fcavpy/practical_use_cases_for_eth_that_you_are_using/,Reddit
P2P Call via WebRTC in a Decentralized Manner,2024-09-08,/r/CryptoTechnology/comments/1fc02zy/p2p_call_via_webrtc_in_a_decentralized_manner/,Reddit
ETH shall not go down the road of ATOM,2024-09-08,https://www.reddit.com/r/ethereum/comments/1fby74d/eth_shall_not_go_down_the_road_of_atom/,Reddit
Wallet Drainer... is there any way to get out of it?,2024-09-08,https://www.reddit.com/r/ethereum/comments/1fbtkdp/wallet_drainer_is_there_any_way_to_get_out_of_it/,Reddit
How to tell if address is base,2024-09-07,https://www.reddit.com/r/ethereum/comments/1fbkbdg/how_to_tell_if_address_is_base/,Reddit
Can someone explain to me in laymans terms the expected future of ETH?,2024-09-07,https://www.reddit.com/r/ethereum/comments/1fbk9wo/can_someone_explain_to_me_in_laymans_terms_the/,Reddit
Advice ,2024-09-07,https://www.reddit.com/r/ethereum/comments/1favzp3/advice/,Reddit
Latest Week in Ethereum News,2024-09-07,https://weekinethereumnews.com/week-in-ethereum-news-september-7-2024,Reddit
"Long time ETH holder, first time self custody",2024-09-06,https://www.reddit.com/r/ethereum/comments/1fagef8/long_time_eth_holder_first_time_self_custody/,Reddit
"RIP Jakub ""Kuba"" Hejhal, 'cryptograss' fiddler who played traditional music at ethereum events.  He took his own life this week at 27.  ",2024-09-06,https://i.redd.it/f9daahwe67nd1.jpeg,Reddit
"Zero burned fees, zero rewards for proposal",2024-09-05,https://www.reddit.com/r/ethereum/comments/1f9zpq2/zero_burned_fees_zero_rewards_for_proposal/,Reddit
How much eth needed to sell?,2024-09-05,https://www.reddit.com/r/ethereum/comments/1f9xa9z/how_much_eth_needed_to_sell/,Reddit
Why Aren't There More Junior Smart Contract Developer Positions? ,2024-09-05,https://www.reddit.com/r/ethereum/comments/1f9vpyd/why_arent_there_more_junior_smart_contract/,Reddit
Code for listening to real-time DEX swaps data on Ethereum and Base using a WebSocket + Python,2024-09-05,https://github.com/martkir/web3-listener-demo,Reddit
Where to find the latest tech in blockchain?,2024-09-05,https://www.reddit.com/r/ethereum/comments/1f9mslj/where_to_find_the_latest_tech_in_blockchain/,Reddit
What will happen after the MiCA law is fully implemented?,2024-09-05,https://www.reddit.com/r/ethereum/comments/1f9j3vz/what_will_happen_after_the_mica_law_is_fully/,Reddit
Shared sequencing,2024-09-05,https://www.reddit.com/r/ethereum/comments/1f9cajy/shared_sequencing/,Reddit
Solidity 0.8.27 Release Announcement | Solidity Programming Language,2024-09-04,https://soliditylang.org/blog/2024/09/04/solidity-0.8.27-release-announcement,Reddit
Looking for a Perfect API that gives Transaction History for an account,2024-09-04,https://www.reddit.com/r/ethereum/comments/1f8ytng/looking_for_a_perfect_api_that_gives_transaction/,Reddit
What‚Äôs your mix of ETH and BTC?,2024-09-04,https://www.reddit.com/r/ethereum/comments/1f8yoyu/whats_your_mix_of_eth_and_btc/,Reddit
42 slashing-free days on the Ethereum mainnet,2024-09-04,https://www.reddit.com/r/ethereum/comments/1f8uo8m/42_slashingfree_days_on_the_ethereum_mainnet/,Reddit
Ethereum L2 blockspace tools by growthepie,2024-09-04,https://i.redd.it/eir2k38twsmd1.gif,Reddit
These analog rights must be secured in the digital realm also: 1‚É£ You can be anonymous on the outside and inside of the letter 2‚É£ No one is allowed to surveil who is sending mail to whom 3‚É£ No one is allowed to open someones letter 4‚É£ Postman is not responsible for content,2024-09-04,https://x.com/MKjrstad/status/1831205464673071348,Reddit
Why would anyone use a certain smart contract and not a duplicate?,2024-09-03,https://www.reddit.com/r/ethereum/comments/1f8epis/why_would_anyone_use_a_certain_smart_contract_and/,Reddit
Any new eth games?,2024-09-03,https://www.reddit.com/r/ethereum/comments/1f8e691/any_new_eth_games/,Reddit
Etherium wallet recovery,2024-09-03,https://www.reddit.com/r/ethereum/comments/1f87hb8/etherium_wallet_recovery/,Reddit
"[AMA] We are EF Research (Pt. 12: 05 September, 2024)",2024-09-03,https://www.reddit.com/r/ethereum/comments/1f81ntr/ama_we_are_ef_research_pt_12_05_september_2024/,Reddit
Can someone please explain Metamask's Validator Staking?,2024-09-03,https://www.reddit.com/r/ethereum/comments/1f7yxj1/can_someone_please_explain_metamasks_validator/,Reddit
Will Ethereum supply decrease in the future?,2024-09-03,https://www.reddit.com/r/ethereum/comments/1f7xzrt/will_ethereum_supply_decrease_in_the_future/,Reddit
BTC <> wBTC Swaps: Do You Use Them? ,2024-09-03,https://www.reddit.com/r/ethereum/comments/1f7ws9e/btc_wbtc_swaps_do_you_use_them/,Reddit
"If Polygon shut down, what's going to happen to my Polygon Bridget Ethereum?",2024-09-03,https://www.reddit.com/r/ethereum/comments/1f7u9k5/if_polygon_shut_down_whats_going_to_happen_to_my/,Reddit
Help me decide - ETH or BTC?,2024-09-03,https://www.reddit.com/r/ethereum/comments/1f7o6kn/help_me_decide_eth_or_btc/,Reddit
"WazirX Hacker Transfers 2,600 ETH Worth $6M to Tornado Cash",2024-09-02,https://www.cryptotimes.io/2024/09/02/wazirx-hacker-transfers-2600-eth-worth-6m-to-tornado-cash/,Reddit
What are the risks if my contract calls another with contract.call{value: msg.value}(_payload)?,2024-09-02,https://www.reddit.com/r/ethereum/comments/1f7cc1v/what_are_the_risks_if_my_contract_calls_another/,Reddit
Vitalik: Glue and coprocessor architectures,2024-09-02,https://vitalik.eth.limo/general/2024/09/02/gluecp.html,Reddit
wETH website,2024-08-31,https://www.reddit.com/r/ethereum/comments/1f5p5g4/weth_website/,Reddit
Are L2s parasitic?,2024-08-31,https://www.reddit.com/r/ethereum/comments/1f5ktu9/are_l2s_parasitic/,Reddit
Latest Week in Ethereum News,2024-08-31,https://weekinethereumnews.com/week-in-ethereum-news-august-31-2024,Reddit
Looking for Eth related x accounts and communities to follow,2024-08-30,https://www.reddit.com/r/ethereum/comments/1f4q1yb/looking_for_eth_related_x_accounts_and/,Reddit
Spot Ethereum ETFs end nine-day outflow streak with $5.8 million in net inflows,2024-08-29,https://www.theblock.co/post/313669/spot-ethereum-etfs-end-nine-day-outflow-streak-with-5-8-million-in-net-inflows,Reddit
choosing a nettop or mini PC model to run ethereum node,2024-08-29,https://www.reddit.com/r/ethereum/comments/1f48x7y/choosing_a_nettop_or_mini_pc_model_to_run/,Reddit
The Complex Journey to Web3: Why Radical Simplicity is Key to Building the Future,2024-08-29,https://www.reddit.com/r/ethereum/comments/1f47as3/the_complex_journey_to_web3_why_radical/,Reddit
The new telegram,2024-08-29,https://www.reddit.com/r/ethereum/comments/1f43i4a/the_new_telegram/,Reddit
Where/how to stake,2024-08-29,https://www.reddit.com/r/ethereum/comments/1f42gje/wherehow_to_stake/,Reddit
Q&A: what to get for ETH gas fees for airdrops ,2024-08-29,https://www.reddit.com/r/ethereum/comments/1f3yewd/qa_what_to_get_for_eth_gas_fees_for_airdrops/,Reddit
EF research AMA September 5; submit your questions ahead of time in the form,2024-08-29,https://docs.google.com/forms/d/e/1FAIpQLSc4iT1bjp_wM85l3YQAWeOWC4pNz3VZUv5JGhD9IF5zcGhC0w/viewform,Reddit
I need some hopium for Ethereum. ,2024-08-29,https://www.reddit.com/r/ethereum/comments/1f3qjdf/i_need_some_hopium_for_ethereum/,Reddit
Missing ETH after swap,2024-08-27,https://www.reddit.com/r/ethereum/comments/1f2tgxj/missing_eth_after_swap/,Reddit
Launch a Network with Restaked Security in Minutes: Tanssi and Symbiotic Set New Ethereum Standard | Tanssi Network,2024-08-27,https://www.tanssi.network/post/ethereum-expansion-symbiotic,Reddit
Coinbase Ethereum Staking,2024-08-27,https://www.reddit.com/r/ethereum/comments/1f2inhp/coinbase_ethereum_staking/,Reddit
"Digital Asset Staking: What is it and how it works, simply. ",2024-08-27,https://www.reddit.com/r/ethereum/comments/1f2h956/digital_asset_staking_what_is_it_and_how_it_works/,Reddit
"Audited, Yet Hacked: The Critical Role of Real-Time Monitoring in Web3",2024-08-27,https://news.bitcoin.com/audited-yet-hacked-the-critical-role-of-real-time-monitoring-in-web3/,Reddit
Effects off- and checking for amount of burned tokens ,2024-08-27,https://www.reddit.com/r/ethereum/comments/1f2ceo4/effects_off_and_checking_for_amount_of_burned/,Reddit
MSC thesis crypto,2024-08-27,https://www.reddit.com/r/ethereum/comments/1f2ax7h/msc_thesis_crypto/,Reddit
Where can i check Holders ?,2024-08-26,https://www.reddit.com/r/ethereum/comments/1f1nilu/where_can_i_check_holders/,Reddit
Is Kiwi News OK if its founders are arrested?,2024-08-26,https://open.substack.com/pub/bootstrappingkiwi/p/is-kiwi-news-ok-if-its-founders-are?r=3ptcv&utm_campaign=post&utm_medium=web,Reddit
How Starknet Surpassed Other Projects in Developer Activity: Marketing Analysis,2024-08-26,https://guerrillabuzz.com/starknet-developer-activity-marketing-analysis/,Reddit
Safe to sell airdropped tokens that appear to have a market price?,2024-08-26,https://www.reddit.com/r/ethereum/comments/1f1fbqg/safe_to_sell_airdropped_tokens_that_appear_to/,Reddit
ETH staking on wallet app? ,2024-08-25,https://www.reddit.com/r/ethereum/comments/1f17b1p/eth_staking_on_wallet_app/,Reddit
Ethereum maxi‚Äôs?,2024-08-25,https://www.reddit.com/r/ethereum/comments/1f0yd2z/ethereum_maxis/,Reddit
DCA Out Question,2024-08-25,https://www.reddit.com/r/ethereum/comments/1f0x11w/dca_out_question/,Reddit
Ethereum Prepares for Pectra Upgrade: What Will Change?,2024-08-25,https://crypto-economy.com/ethereum-prepares-for-pectra-upgrade-what-will-change/,Reddit
"Just launched Vault! Vaults are like a fully onchain savings account for your hot wallet. Keep your assets safe from drainers, hacks, open approvals and lost/leaked pks. Any token/NFT, daily limits, multisig and backup recovery. Protect your assets for < a cup of coffee.",2024-08-24,https://vaults.my/,Reddit
Will Bitcoiners Ever Consider a Bitcoin Exchange? ü§î,2024-08-24,https://www.reddit.com/r/ethereum/comments/1ezzdqy/will_bitcoiners_ever_consider_a_bitcoin_exchange/,Reddit
Latest Week in Ethereum News; üéÇ Eight year anniversary,2024-08-24,https://weekinethereumnews.com/week-in-ethereum-news-august-24-2024,Reddit
I want to learn Ethereum. To start I want to write a smart contract to handle a bet between myself and a friend ,2024-08-23,https://www.reddit.com/r/ethereum/comments/1ezlf26/i_want_to_learn_ethereum_to_start_i_want_to_write/,Reddit
Exploring the Fraud Proof Trilemma: Challenges in Securing Optimistic Rollups,2024-08-23,https://www.reddit.com/r/ethereum/comments/1ez92zl/exploring_the_fraud_proof_trilemma_challenges_in/,Reddit
Best book to learn about Ethereum?,2024-08-23,https://www.reddit.com/r/ethereum/comments/1eyznk2/best_book_to_learn_about_ethereum/,Reddit
Any better source for validator/proposer mapping?,2024-08-22,https://www.reddit.com/r/ethereum/comments/1eyrsff/any_better_source_for_validatorproposer_mapping/,Reddit
This one is for the solo stakers: Why NOT smooth?,2024-08-22,https://www.reddit.com/r/ethereum/comments/1eyna36/this_one_is_for_the_solo_stakers_why_not_smooth/,Reddit
34 million ETH staked on Ethereum mainnet!,2024-08-22,https://www.reddit.com/r/ethereum/comments/1eyhn33/34_million_eth_staked_on_ethereum_mainnet/,Reddit
Navigating the Future of DeFi,2024-08-21,https://www.stakingcircle.com/research/article/,Reddit
Which Yield Would You Prefer When Staking?,2024-08-21,/r/defi/comments/1exmm0w/which_yield_would_you_prefer_when_staking/,Reddit
What Protocol/DApp Would You Like to See That Hasn't Been Built Yet?,2024-08-20,https://www.reddit.com/r/ethereum/comments/1ex54py/what_protocoldapp_would_you_like_to_see_that/,Reddit
"What Happened to Ethereum Gas Fees? Too Low, Yet Too High! üßê",2024-08-20,https://coinccino.com/what-happened-to-ethereum-gas-fees-too-low-yet-too-high,Reddit
The Rise of RWAs: A Revolution in the Investment World is Underway!,2024-08-20,https://www.binance.com/en/square/post/12350986804289,Reddit
Web3.js with Santiago Trujillo Zuluaga,2024-08-19,https://www.reddit.com/r/ethereum/comments/1ewcuti/web3js_with_santiago_trujillo_zuluaga/,Reddit
"Help Needed: Ethereum HSM Integration Resulting in ""Invalid Sender"" Error",2024-08-19,https://www.reddit.com/r/ethereum/comments/1ewcdcb/help_needed_ethereum_hsm_integration_resulting_in/,Reddit
"Why did Ethereum supply increase by 60,633 in the past month?",2024-08-19,https://www.reddit.com/r/ethereum/comments/1ewc7uv/why_did_ethereum_supply_increase_by_60633_in_the/,Reddit
"dApp recommendations, anyone?",2024-08-19,https://www.reddit.com/r/ethereum/comments/1ew918u/dapp_recommendations_anyone/,Reddit
Ethereum's Layer 2 Ecosystem: Scaling Solutions to Watch,2024-08-19,https://www.reddit.com/r/ethereum/comments/1ew6t9z/ethereums_layer_2_ecosystem_scaling_solutions_to/,Reddit
Bot that does allows limit orders from a relative percentage from ATH while checking the volume?,2024-08-19,https://www.reddit.com/r/ethereum/comments/1evygaj/bot_that_does_allows_limit_orders_from_a_relative/,Reddit
How do I automatically dca into eth? ,2024-08-18,https://www.reddit.com/r/ethereum/comments/1evia02/how_do_i_automatically_dca_into_eth/,Reddit
"I'm working on historical research and massive data visualization as a public goods project. But there's no code involved, so most grant programs don't consider me a ""builder."" Could you please advise or help me find some support for my project? (link to project's Figma)",2024-08-18,https://www.figma.com/design/pENhenndHyIMwzW2LgKzNd/The-Grand-Timeline,Reddit
Can You Really Find Cryptocurrency Private Keys Online?,2024-08-18,https://www.reddit.com/r/ethereum/comments/1ev4ofl/can_you_really_find_cryptocurrency_private_keys/,Reddit
"Is there any live calculator or live stats to show the current and projected reward rate for EigenLayer deposits, without having to actually deposit?",2024-08-17,https://www.reddit.com/r/ethereum/comments/1euu7bb/is_there_any_live_calculator_or_live_stats_to/,Reddit
I miss when ETH was ultrasound money.  Is there any way we can revert EIP-4844?,2024-08-17,https://ultrasound.money/,Reddit
Vitalik Buterin Donates $532K to Animal Welfare from Memecoins Sent to His Wallet ,2024-08-17,https://coinmarketcap.com/academy/article/vitalik-buterin-donates-dollar532k-to-animal-welfare-from-memecoins-sent-to-his-wallet,Reddit
Latest Week in Ethereum News,2024-08-17,https://weekinethereumnews.com/week-in-ethereum-news-august-17-2024,Reddit
"Send ETH on Fantom Opera Mainnet to ETH Mainnet wallet - any way to recover?
",2024-08-16,https://www.reddit.com/r/ethereum/comments/1etwzft/send_eth_on_fantom_opera_mainnet_to_eth_mainnet/,Reddit
Digital Chamber CEO: policymakers 'are responding to demands for greater access to digital assets' after Ether ETFs approval,2024-08-16,https://thefederalnewswire.com/stories/662092057-digital-chamber-ceo-policymakers-are-responding-to-demands-for-greater-access-to-digital-assets-after-ether-etfs-approval?utm_medium=email&utm_source=bd8aa48a5-ncl_amplify&utm_campaign=240801-used_817_trump_wants_america_to_be_the_global_leader_in_bitcoin_crypto&utm_content=ncl-test123&_nlid=tdbjcD4kFr&_nhids=ncwbSo7RtKeZpls,Reddit
The blobs progress over the past half-year,2024-08-16,https://www.reddit.com/r/ethereum/comments/1ett5vd/the_blobs_progress_over_the_past_halfyear/,Reddit
Getting small amounts of ETH for gas fees,2024-08-16,https://www.reddit.com/r/ethereum/comments/1etks5p/getting_small_amounts_of_eth_for_gas_fees/,Reddit
FlareNetworks is using EIP-2535 Diamonds for its FAssets Smart Contract Architecture,2024-08-15,https://x.com/focus_kermit/status/1824108387321200692,Reddit
Opting out of staking on a crypto exchange,2024-08-15,https://www.reddit.com/r/ethereum/comments/1esrlnj/opting_out_of_staking_on_a_crypto_exchange/,Reddit
Which Stablecoin is the Safest Against Censorship and Fund Freezing?,2024-08-15,https://www.reddit.com/r/ethereum/comments/1esqpsa/which_stablecoin_is_the_safest_against_censorship/,Reddit
Staking: Where can we get monthly (infrequent!) rewards?,2024-08-15,https://www.reddit.com/r/ethereum/comments/1eshbtq/staking_where_can_we_get_monthly_infrequent/,Reddit
Staking without platform risk?,2024-08-14,https://www.reddit.com/r/ethereum/comments/1esbpuj/staking_without_platform_risk/,Reddit
"BaseCamp 001: Jesse Pollak (Base), Ben Leventhal (Blackbird), Julian Holguin (Doodles), Yele Bademosi (Onboard)",2024-08-14,https://www.intothebytecode.com/38-basecamp/,Reddit
Help understanding what‚Äôs going on with Lido,2024-08-14,https://etherscan.io/tx/0x376064a3899c935eaa546d4e18379fda6667417c276d7edddda11dc8ddfbfcdf,Reddit
a solution for people sending the wrong token on the wrong network,2024-08-14,https://www.reddit.com/r/ethereum/comments/1erobf9/a_solution_for_people_sending_the_wrong_token_on/,Reddit
Accidentally transferred stETH to Binance ETH address,2024-08-13,https://www.reddit.com/r/ethereum/comments/1erkwlq/accidentally_transferred_steth_to_binance_eth/,Reddit
"Old school artist, having a hard time with Ethereum-compatible blockchain account for digital art",2024-08-13,https://www.reddit.com/r/ethereum/comments/1eriqpi/old_school_artist_having_a_hard_time_with/,Reddit
Staking Eth from Coinbase Wallet,2024-08-13,https://www.reddit.com/r/ethereum/comments/1erajcx/staking_eth_from_coinbase_wallet/,Reddit
A fully decentralized account recovery system ?,2024-08-12,https://www.reddit.com/r/ethereum/comments/1eq0wkj/a_fully_decentralized_account_recovery_system/,Reddit
"Is it safe to stake $1,000,000? How would you do it?",2024-08-11,https://www.reddit.com/r/ethereum/comments/1epweig/is_it_safe_to_stake_1000000_how_would_you_do_it/,Reddit
"Has anyone found a truly decentralized and fast way to swap BTC for ETH without relying on a centralized exchange?""",2024-08-11,https://www.reddit.com/r/ethereum/comments/1epo6z0/has_anyone_found_a_truly_decentralized_and_fast/,Reddit
Any famous ERC-20 wallets with publicly available private keys?,2024-08-10,https://www.reddit.com/r/ethereum/comments/1ep3two/any_famous_erc20_wallets_with_publicly_available/,Reddit
More than 100 crypto projects have used EIP-2535 Diamonds to implement their smart contract architectures,2024-08-10,https://github.com/mudgen/awesome-diamonds?tab=readme-ov-file#projects-using-diamonds,Reddit
Create and import DeFi wallet does it matter what you choose?,2024-08-10,https://www.reddit.com/r/ethereum/comments/1eop3uu/create_and_import_defi_wallet_does_it_matter_what/,Reddit
Latest Week in Ethereum News,2024-08-10,https://weekinethereumnews.com/week-in-ethereum-news-august-10-2024,Reddit
How accurate are the block timestamps in Ethereum?,2024-08-09,https://www.reddit.com/r/ethereum/comments/1eo9jhx/how_accurate_are_the_block_timestamps_in_ethereum/,Reddit
Trust and Upgradability ,2024-08-09,https://www.reddit.com/r/ethereum/comments/1enxjew/trust_and_upgradability/,Reddit
Is there a tool to crawl all/most eth based chains for a wallet? ,2024-08-08,https://www.reddit.com/r/ethereum/comments/1eng5l3/is_there_a_tool_to_crawl_allmost_eth_based_chains/,Reddit
Create a confidential variant of ERC-3643 security token standard using Zama's fhEVM,2024-08-08,https://www.reddit.com/r/ethereum/comments/1en5isf/create_a_confidential_variant_of_erc3643_security/,Reddit
Key movements in Ethereum staking since the launch,2024-08-08,https://www.reddit.com/r/ethereum/comments/1en414m/key_movements_in_ethereum_staking_since_the_launch/,Reddit
Anonymous transactions over the Ethereum network,2024-08-08,https://www.reddit.com/r/ethereum/comments/1emwjrs/anonymous_transactions_over_the_ethereum_network/,Reddit
Did i do someth wrong?,2024-08-07,https://www.reddit.com/r/ethereum/comments/1emc8s3/did_i_do_someth_wrong/,Reddit
Top EVM Wallet: Lightning-Fast Wallet Creation with Hana‚Äôs New Social Login,2024-08-07,https://medium.com/hanaworld/lightning-fast-wallet-creation-with-hanas-new-social-login-5704fcbe2716?source=rss----a92f58526e58---4,Reddit
Rhino Review Ethereum Staking Journal #27 and Ethereum Argentina Stakin Day Recap is out!,2024-08-07,https://www.reddit.com/r/ethereum/comments/1em9nv7/rhino_review_ethereum_staking_journal_27_and/,Reddit
How does self staking work?,2024-08-06,https://www.reddit.com/r/ethereum/comments/1elnobd/how_does_self_staking_work/,Reddit
I'd love feedback on smart contracts that I built for on-chain companies,2024-08-06,https://github.com/wkyleg/red3-contracts,Reddit
Please help!!,2024-08-06,https://www.reddit.com/r/ethereum/comments/1elkqrn/please_help/,Reddit
Lack of business mindset on eth and Joseph Rubin,2024-08-06,https://www.reddit.com/r/ethereum/comments/1el447k/lack_of_business_mindset_on_eth_and_joseph_rubin/,Reddit
Help!!,2024-08-06,https://www.reddit.com/r/ethereum/comments/1el3cqe/help/,Reddit
Gas Fees on Fleek,2024-08-05,https://www.reddit.com/r/ethereum/comments/1ekcfnt/gas_fees_on_fleek/,Reddit
Is this likely a scam? They contact me to buy my artwork paying with ETH,2024-08-05,https://www.reddit.com/r/ethereum/comments/1eka4f4/is_this_likely_a_scam_they_contact_me_to_buy_my/,Reddit
"""Proof-of-suffrage"" consensus engine with proof-of-unique-human that Johan started inventing in 2015, operational",2024-08-04,https://www.reddit.com/r/ethereum/comments/1ek6l79/proofofsuffrage_consensus_engine_with/,Reddit
"Blockchain snapshots for Ethereum Mainnet, Holesky and Sepolia with all execution and consensus clients supported (provided by Allnodes and uploaded on daily basis)",2024-08-04,https://www.publicnode.com/snapshots#ethereum,Reddit
Choosing platform for game development Solana Rust or ETH EVM?,2024-08-04,https://www.reddit.com/r/ethereum/comments/1ejw7gj/choosing_platform_for_game_development_solana/,Reddit
p2p buyers: best options?,2024-08-03,https://www.reddit.com/r/ethereum/comments/1ejddr1/p2p_buyers_best_options/,Reddit
Grayscale ETHE outflows plummet by 80% this week,2024-08-03,https://www.reddit.com/r/ethereum/comments/1eja8aw/grayscale_ethe_outflows_plummet_by_80_this_week/,Reddit
Eth dex meme coins,2024-08-03,https://www.reddit.com/r/ethereum/comments/1ej827w/eth_dex_meme_coins/,Reddit
The ERC-4337 standard basically solves quantum attack problems,2024-08-03,https://www.reddit.com/r/ethereum/comments/1ej7lou/the_erc4337_standard_basically_solves_quantum/,Reddit
EVM-compatible blockchain,2024-08-03,https://www.reddit.com/r/ethereum/comments/1ej77wn/evmcompatible_blockchain/,Reddit
Latest Week in Ethereum News,2024-08-03,https://weekinethereumnews.com/week-in-ethereum-news-august-3-2024,Reddit
Adding funds without account/wallet,2024-08-02,https://www.reddit.com/r/ethereum/comments/1eihvno/adding_funds_without_accountwallet/,Reddit
is there funds on my wallet ,2024-08-02,https://www.reddit.com/r/ethereum/comments/1eida1p/is_there_funds_on_my_wallet/,Reddit
Interested in finding people to make something new with me -- a Chain Story Contract,2024-08-02,https://docs.google.com/document/d/1DpIxpm7J15fj74JbkcGLmXjMmix1MGDJ-SPH0Gi0lcg/edit?usp=sharing,Reddit
Question about Cold Storage,2024-08-02,https://www.reddit.com/r/ethereum/comments/1eicpwx/question_about_cold_storage/,Reddit
EIPs Insight (July 2024),2024-08-02,https://www.reddit.com/r/ethereum/comments/1ei7a5p/eips_insight_july_2024/,Reddit
I accidentally sent $4000 in Eth to a token CA ,2024-08-02,https://www.reddit.com/r/ethereum/comments/1ei23xb/i_accidentally_sent_4000_in_eth_to_a_token_ca/,Reddit
Sooooo where is my ETH?,2024-08-02,https://www.reddit.com/r/ethereum/comments/1ei1ag9/sooooo_where_is_my_eth/,Reddit
"Colin Armstrong: Paragraph, writing onchain",2024-08-01,https://www.intothebytecode.com/37-colin-armstrong/,Reddit
Staking ETH on L2 - what are the best options?,2024-08-01,https://www.reddit.com/r/ethereum/comments/1ehjovn/staking_eth_on_l2_what_are_the_best_options/,Reddit
Underhanded Solidity Contest 2024 is open; Theme: Transient storage,2024-08-01,https://blog.soliditylang.org/2024/07/31/underhanded-solidity-contest-2024-announcement/,Reddit
Someone started an open-source replacement for WalletConnect,2024-07-31,https://github.com/per1odical/krypton,Reddit
SEC vs Projects Staking: A new opportunity to test DVT?,2024-07-31,https://blog.safestake.xyz/2024/07/22/sec-vs-projects-staking-a-new-opportunity-to-test-dvt/,Reddit
Exploring circle STARKs - Vitalik Buterin,2024-07-31,https://vitalik.eth.limo/general/2024/07/23/circlestarks.html,Reddit
Incoming ETH send has been pending for over 24 hours. Is it because the gas fee was too low?,2024-07-31,https://www.reddit.com/r/ethereum/comments/1ega85f/incoming_eth_send_has_been_pending_for_over_24/,Reddit
I wrote a lengthy article about identifying and avoiding crypto scams for beginners,2024-07-30,https://dac.ac/blog/identifying_and_avoiding_crypto_scams,Reddit
Ethereum is 9! Blow candles and celebrate key milestones with my report,2024-07-30,https://www.reddit.com/r/ethereum/comments/1efwayf/ethereum_is_9_blow_candles_and_celebrate_key/,Reddit
Does anyone can suggest best ethereum ETF buy? I have been looking for a fee. Lots of etc hZ waived their fee but how do choose the best one? ,2024-07-30,https://www.reddit.com/r/ethereum/comments/1efq4b0/does_anyone_can_suggest_best_ethereum_etf_buy_i/,Reddit
Celebrating 9 years of Ethereum progress ü•≥,2024-07-30,https://www.reddit.com/r/ethereum/comments/1efn14l/celebrating_9_years_of_ethereum_progress/,Reddit
North America's ZK Hackers Wanted,2024-07-30,https://www.reddit.com/r/ethereum/comments/1efn0ns/north_americas_zk_hackers_wanted/,Reddit
Have old keystore files - good wallet to use to recover locally?,2024-07-30,https://www.reddit.com/r/ethereum/comments/1eff197/have_old_keystore_files_good_wallet_to_use_to/,Reddit
Can‚Äôt take money out of my wallet,2024-07-29,https://www.reddit.com/r/ethereum/comments/1ef1xar/cant_take_money_out_of_my_wallet/,Reddit
Afraid of Delegatecall? Understand it to use it safely,2024-07-29,https://eip2535diamonds.substack.com/p/understanding-delegatecall-and-how,Reddit
"Does Trump know a smart contract can hold him to his word?  Saying he will make the US the ""crypto capital of the planet"". How would you architect this contract?",2024-07-29,https://www.reddit.com/r/ethereum/comments/1eepjxp/does_trump_know_a_smart_contract_can_hold_him_to/,Reddit
"A Comprehensive Analysis of Stablecoin Evolution
",2024-07-28,https://medium.com/@layermarketxyz/a-comprehensive-analysis-of-stablecoin-evolution-60e4f719fab9,Reddit
Layer3 might just be the route to blockchain simplicity,2024-07-28,https://www.reddit.com/r/ethereum/comments/1eedc1v/layer3_might_just_be_the_route_to_blockchain/,Reddit
Ethereum Smart Contract,2024-07-28,https://www.reddit.com/r/ethereum/comments/1eeb09h/ethereum_smart_contract/,Reddit
What if Tornado Cash makes it?,2024-07-28,https://www.reddit.com/r/ethereum/comments/1ee8bm4/what_if_tornado_cash_makes_it/,Reddit
Are there any plans to fix staking pool centralization?,2024-07-28,https://www.reddit.com/r/ethereum/comments/1ee7c6w/are_there_any_plans_to_fix_staking_pool/,Reddit
Coinbase vs Kraken,2024-07-28,https://www.reddit.com/r/ethereum/comments/1edwl3f/coinbase_vs_kraken/,Reddit
Most popular dapps/smart contracts ,2024-07-28,https://www.reddit.com/r/ethereum/comments/1edw31q/most_popular_dappssmart_contracts/,Reddit
Transforming dApp Development with Modular Blockchain,2024-07-27,https://www.reddit.com/r/ethereum/comments/1eddofk/transforming_dapp_development_with_modular/,Reddit
Latest Week in Ethereum News,2024-07-27,https://weekinethereumnews.com/week-in-ethereum-news-july-27-2024,Reddit
Cake Wallet: Converting ENS to ETH?,2024-07-26,https://www.reddit.com/r/ethereum/comments/1ectduv/cake_wallet_converting_ens_to_eth/,Reddit
$ 0.80 transfer gas fee ü•π ,2024-07-26,https://www.reddit.com/r/ethereum/comments/1ect0zd/080_transfer_gas_fee/,Reddit
"
how some people start off being a mod discord of a project
",2024-07-26,https://www.reddit.com/r/ethereum/comments/1ecqw8w/how_some_people_start_off_being_a_mod_discord_of/,Reddit
DEVCon Talks WishList - submit until July 30th,2024-07-26,https://ef-events.notion.site/Devcon-Talks-Wishlist-e3db0d77dbb94bc4a11287761e149e1f,Reddit
"ZK Hack Montreal, Aug 9-11, 2024",2024-07-26,https://www.reddit.com/r/ethereum/comments/1ecj4w0/zk_hack_montreal_aug_911_2024/,Reddit
Eth exposure UK ISA/SIPP Pension,2024-07-25,https://www.reddit.com/r/ethereum/comments/1ec6d2v/eth_exposure_uk_isasipp_pension/,Reddit
"I'm building a user friendly vault that lets users easily create their own vaults with custom multisig for txs, daily withdrawal limit, recovery address, arbitrary token support and looking for feedback on the alpha. Trying to make the space safer for everyone. Open Source.",2024-07-25,https://x.com/spotdotpizza/status/1815868064799547572,Reddit
In what situation should I Stake ETH? ,2024-07-25,https://www.reddit.com/r/ethereum/comments/1ebow3o/in_what_situation_should_i_stake_eth/,Reddit
Etherium related job,2024-07-25,https://www.reddit.com/r/ethereum/comments/1ebooyn/etherium_related_job/,Reddit
Am I the only one confused about ETHE and ETH?,2024-07-25,https://www.reddit.com/r/ethereum/comments/1ebnxks/am_i_the_only_one_confused_about_ethe_and_eth/,Reddit
What can I actually do with 1 ETH.,2024-07-25,https://www.reddit.com/r/ethereum/comments/1ebmsbk/what_can_i_actually_do_with_1_eth/,Reddit
ETH ETFs 1st¬†Day Trading Update,2024-07-25,https://www.reddit.com/r/ethereum/comments/1ebjsa5/eth_etfs_1st_day_trading_update/,Reddit
in ethe,2024-07-25,https://www.reddit.com/r/ethereum/comments/1ebix11/in_ethe/,Reddit
Attention Developers: Join the Cartesi + Web3Clubs Residency Program in Nairobi!,2024-07-24,https://www.reddit.com/r/ethereum/comments/1eaxdl0/attention_developers_join_the_cartesi_web3clubs/,Reddit
ETH ETFs Go Live Today,2024-07-24,https://www.reddit.com/r/ethereum/comments/1eaojtf/eth_etfs_go_live_today/,Reddit
coinbase refuses direct funds transfer,2024-07-23,https://www.reddit.com/r/ethereum/comments/1eah022/coinbase_refuses_direct_funds_transfer/,Reddit
When to sell ETHE for one of the spot ETFs?,2024-07-23,https://www.reddit.com/r/ethereum/comments/1ea7ef9/when_to_sell_ethe_for_one_of_the_spot_etfs/,Reddit
"Divide, conquer, collaborate: The definitive guide to the modular blockchain stack",2024-07-23,https://www.reddit.com/r/ethereum/comments/1ea6tdv/divide_conquer_collaborate_the_definitive_guide/,Reddit
Happy 10th Birthday Ethereum,2024-07-23,https://www.reddit.com/r/ethereum/comments/1e9utpz/happy_10th_birthday_ethereum/,Reddit
BlackRock‚Äôs iShares Ethereum Trust ETF Set to Launch,2024-07-22,https://www.stocktitan.net/news/BLK/black-rock-s-i-shares-ethereum-trust-etf-set-to-0lvknvps26d0.html,Reddit
Wall Street Journal: SEC Clears Final Hurdle for Ether ETFs to Launch Tuesday ,2024-07-22,https://www.reddit.com/r/ethereum/comments/1e9qbpo/wall_street_journal_sec_clears_final_hurdle_for/,Reddit
"Infostealer Infection Results in Data Breach of Blockchain Identity Platform, Fractal ID",2024-07-20,https://www.infostealers.com/article/infostealer-infection-results-in-data-breach-of-blockchain-identity-platform-fractal-id/,Reddit
Latest Week in Ethereum News,2024-07-20,https://weekinethereumnews.com/week-in-ethereum-news-july-20-2024,Reddit
Solutions for privacy that are not sanctioned?,2024-07-20,https://www.reddit.com/r/ethereum/comments/1e7j8d4/solutions_for_privacy_that_are_not_sanctioned/,Reddit
proof of stake implementation?!?!?!?!?!,2024-07-19,https://www.reddit.com/r/ethereum/comments/1e79ojm/proof_of_stake_implementation/,Reddit
PEEPanEIP-2537: Precompile for BLS12-381 curve operations with Alex Stokes,2024-07-19,https://www.reddit.com/r/ethereum/comments/1e75v6i/peepaneip2537_precompile_for_bls12381_curve/,Reddit
Transaction Fee Mechanism Design - Optimality is Provably Possible,2024-07-19,https://www.reddit.com/r/ethereum/comments/1e6xcd0/transaction_fee_mechanism_design_optimality_is/,Reddit
Who can I pay to learn about NFTs and Crypto? Alt. What course to buy?,2024-07-19,https://www.reddit.com/r/ethereum/comments/1e6u0u6/who_can_i_pay_to_learn_about_nfts_and_crypto_alt/,Reddit
What the best platform for staking ETH,2024-07-19,https://www.reddit.com/r/ethereum/comments/1e6tz4u/what_the_best_platform_for_staking_eth/,Reddit
"All Core Devs Call 192, summary by Tim Beiko",2024-07-18,https://ethereum-magicians.org/t/all-core-devs-execution-acde-call-192-july-18-2024/20565/2,Reddit
"Against choosing your political allegiances based on who is ""pro-crypto""",2024-07-18,https://vitalik.eth.limo/general/2024/07/17/procrypto.html,Reddit
Is Ethereum still the best platform for smart contract tokens?,2024-07-18,https://www.reddit.com/r/ethereum/comments/1e6cyzr/is_ethereum_still_the_best_platform_for_smart/,Reddit
Modular Security by Cartesi at EthCC2024 in Brussels,2024-07-18,https://www.reddit.com/r/ethereum/comments/1e6bj38/modular_security_by_cartesi_at_ethcc2024_in/,Reddit
WazirXIndia Hacked For $235 Million Dollars,2024-07-18,https://www.reddit.com/r/ethereum/comments/1e68ghq/wazirxindia_hacked_for_235_million_dollars/,Reddit
Which blockchain network is best for a fantasy sports betting dApp?,2024-07-17,https://www.reddit.com/r/ethereum/comments/1e5xfn5/which_blockchain_network_is_best_for_a_fantasy/,Reddit
"""Connect a wallet"" without giving private key?",2024-07-17,https://www.reddit.com/r/ethereum/comments/1e5s9ky/connect_a_wallet_without_giving_private_key/,Reddit
What major companies actually use Ethereum for anything useful at all?,2024-07-17,https://www.reddit.com/r/ethereum/comments/1e5qvw8/what_major_companies_actually_use_ethereum_for/,Reddit
üçÑ Stereum Ethereum Node Setup & Manager 2.2.1,2024-07-17,/r/ethstaker/comments/1e5pmvl/stereum_ethereum_node_setup_manager_221/,Reddit
"Based rollups: shared sequencer + preconfirmations, is this the future?",2024-07-17,https://www.reddit.com/r/ethereum/comments/1e5mrpv/based_rollups_shared_sequencer_preconfirmations/,Reddit
Why Running an Archive Full Node is Crucial for Blockchain Developers,2024-07-17,https://mpost.io/why-running-an-archive-full-node-is-crucial-for-blockchain-developers/,Reddit
I found some SAI in my Metamask. Can I still convert them?,2024-07-17,https://www.reddit.com/r/ethereum/comments/1e5faco/i_found_some_sai_in_my_metamask_can_i_still/,Reddit
Li.Fi drained for 10 million dollars,2024-07-16,https://www.reddit.com/r/ethereum/comments/1e51yj7/lifi_drained_for_10_million_dollars/,Reddit
Explain me Business Model of L2 companies,2024-07-16,https://www.reddit.com/r/ethereum/comments/1e4ypo7/explain_me_business_model_of_l2_companies/,Reddit
Echidna 2.2.4 brings a host of improvements in fuzzing speed and user experience!,2024-07-16,https://github.com/crytic/echidna/releases/tag/v2.2.4,Reddit
Meme Coin Creation: What I Learned,2024-07-16,https://www.reddit.com/r/ethereum/comments/1e4u80j/meme_coin_creation_what_i_learned/,Reddit
Know RUGG PULLs before they happen,2024-07-16,https://www.reddit.com/r/ethereum/comments/1e4okft/know_rugg_pulls_before_they_happen/,Reddit
Zero knowledge proof of fund,2024-07-16,https://www.reddit.com/r/ethereum/comments/1e4i6c9/zero_knowledge_proof_of_fund/,Reddit
Slashing and liquid staking,2024-07-16,https://www.reddit.com/r/ethereum/comments/1e4hseu/slashing_and_liquid_staking/,Reddit
The State of ZK - Q2 TL;DR,2024-07-16,https://www.reddit.com/r/ethereum/comments/1e4hmkf/the_state_of_zk_q2_tldr/,Reddit
UPDATE: Scammed by Uniswap Slippage MEV Bot - Funds Going to Suspicious Address,2024-07-15,https://www.reddit.com/r/ethereum/comments/1e44vo2/update_scammed_by_uniswap_slippage_mev_bot_funds/,Reddit
Staking ETH question ,2024-07-15,https://www.reddit.com/r/ethereum/comments/1e3kzsa/staking_eth_question/,Reddit
Where Is The Best Place To Get Live New,2024-07-14,https://www.reddit.com/r/ethereum/comments/1e3dxe7/where_is_the_best_place_to_get_live_new/,Reddit
Sealed execution auction,2024-07-13,https://ethresear.ch/t/sealed-execution-auction/20060,Reddit
Latest Week in Ethereum News,2024-07-13,https://weekinethereumnews.com/week-in-ethereum-news-july-13-2024,Reddit
"What are some EVM wallets with critical impact on the crypto space (scams, market manipulations, investors, individuals) that we haven‚Äôt found the identities behind?",2024-07-12,https://www.reddit.com/r/ethereum/comments/1e1s5ie/what_are_some_evm_wallets_with_critical_impact_on/,Reddit
How Danksharding (Blobs) will help ZK-Rollups?,2024-07-12,https://www.reddit.com/r/ethereum/comments/1e1pfmw/how_danksharding_blobs_will_help_zkrollups/,Reddit
Article: Using Polynomial Commitments with EIP-4844 KZG Reference Libs,2024-07-12,https://pat.net/ckzg/,Reddit
Problem of combining contract funds across multiple L2s,2024-07-12,https://www.reddit.com/r/ethereum/comments/1e1g3ja/problem_of_combining_contract_funds_across/,Reddit
DoughFina was hacked for 1.8 Million Dollars,2024-07-12,https://www.reddit.com/r/ethereum/comments/1e1c9yf/doughfina_was_hacked_for_18_million_dollars/,Reddit
Eth Vs Sol meme coins?,2024-07-11,https://www.reddit.com/r/ethereum/comments/1e10dzl/eth_vs_sol_meme_coins/,Reddit
Gen Z Favors Digital Assets Over Gold in Uncertain Times,2024-07-11,https://cybermen.news/gen-z-favors-digital-assets-over-gold/,Reddit
Best trusted place to buy eth on base chain?,2024-07-11,https://www.reddit.com/r/ethereum/comments/1e0xm1k/best_trusted_place_to_buy_eth_on_base_chain/,Reddit
The First Beta Release of the Shutterized Gnosis Chain Is Now Live!,2024-07-11,https://blog.shutter.network/shutterized-gnosis-chain-is-now-live/,Reddit
"Lido Community Staking Module (CSM) testnet is live to everyone now, running a validator with 2 ETH.",2024-07-11,https://www.reddit.com/r/ethereum/comments/1e0rpcy/lido_community_staking_module_csm_testnet_is_live/,Reddit
Ethereum Staking Race: A Third of ETH Now Staked,2024-07-11,https://cybermen.news/ethereum-staking-race-a-third-of-eth-now-staked/,Reddit
"Ethereum Founder Vitalik Praised for ‚ÄúMaximum Humility,‚Äù As Billionaire Storms Crypto Conference",2024-07-10,https://cointab.com/ethereum-founder-vitalik-without-bodyguard-at-crypto-conference/,Reddit
"Golem Factory stakes 40,000 ETH",2024-07-10,https://www.reddit.com/r/ethereum/comments/1e096vi/golem_factory_stakes_40000_eth/,Reddit
What are some good books to read about ethereum?,2024-07-10,https://www.reddit.com/r/ethereum/comments/1e02vuu/what_are_some_good_books_to_read_about_ethereum/,Reddit
Will it make a diffrence if I will keep ETH on Base Chain Instead of Eth one? ,2024-07-10,https://www.reddit.com/r/ethereum/comments/1dzyeut/will_it_make_a_diffrence_if_i_will_keep_eth_on/,Reddit
Smart Consistency - solving block and mempool inconsistency,2024-07-10,https://www.lavanet.xyz/blog/exploring-smart-consistency,Reddit
Where can I predict/bet on the US election in ETH end to end,2024-07-10,https://www.reddit.com/r/ethereum/comments/1dzn2l4/where_can_i_predictbet_on_the_us_election_in_eth/,Reddit
MEV resistant dynamic pricing auction of execution proposal rights,2024-07-09,https://ethresear.ch/t/mev-resistant-dynamic-pricing-auction-of-execution-proposal-rights/20024,Reddit
My metamask wallet got drained,2024-07-09,https://www.reddit.com/r/ethereum/comments/1dz1661/my_metamask_wallet_got_drained/,Reddit
What are some fun games to try out and earn 0.001 ETH?,2024-07-09,https://www.reddit.com/r/ethereum/comments/1dyvuvu/what_are_some_fun_games_to_try_out_and_earn_0001/,Reddit
PEEPanEIP#132: EIP-7685:General purpose execution layer requests with Matt Garnett,2024-07-08,https://www.reddit.com/r/ethereum/comments/1dyh8zi/peepaneip132_eip7685general_purpose_execution/,Reddit
Golem Network sells $114.54M in ETH over 37 days,2024-07-08,https://www.reddit.com/r/ethereum/comments/1dyb6bu/golem_network_sells_11454m_in_eth_over_37_days/,Reddit
Address indexing,2024-07-08,https://www.reddit.com/r/ethereum/comments/1dy8937/address_indexing/,Reddit
What is Scribe? The novel Oracle by Chronicle,2024-07-08,https://chroniclelabs.org/blog/what-is-scribe-the-novel-oracle-by-chronicle,Reddit
Meet the Zama team and the future of blockchain privacy at EthCC,2024-07-08,https://www.reddit.com/r/ethereum/comments/1dy45fg/meet_the_zama_team_and_the_future_of_blockchain/,Reddit
Web3 P2P gaming with Saito and Ethereum,2024-07-08,https://www.reddit.com/r/ethereum/comments/1dy10a7/web3_p2p_gaming_with_saito_and_ethereum/,Reddit
"Learning how to create a bridge between a stablecoin and Linea, does anyone know how to do this?",2024-07-07,https://www.reddit.com/r/ethereum/comments/1dxudga/learning_how_to_create_a_bridge_between_a/,Reddit
"Guys, i think my wallet got hacked? my erc20 usdt had these transactions, i am freaking out ",2024-07-07,https://www.reddit.com/r/ethereum/comments/1dxkeab/guys_i_think_my_wallet_got_hacked_my_erc20_usdt/,Reddit
"It Will Take People, Not Tech, for Modularity to Succeed | Opinion",2024-07-07,https://www.reddit.com/r/ethereum/comments/1dxcw77/it_will_take_people_not_tech_for_modularity_to/,Reddit
ETH Tokens Burner?,2024-07-07,https://www.reddit.com/r/ethereum/comments/1dxc6ut/eth_tokens_burner/,Reddit
üçÑ Stereum Ethereum Node Setup & Manager 2.2.0 - Heartcore,2024-07-06,/r/ethstaker/comments/1dwrk1j/stereum_ethereum_node_setup_manager_220_heartcore/,Reddit
Have I got my understanding of Ethereum's strengths understood?,2024-07-06,https://www.reddit.com/r/ethereum/comments/1dwp1wo/have_i_got_my_understanding_of_ethereums/,Reddit
Latest Week in Ethereum News,2024-07-06,https://weekinethereumnews.com/week-in-ethereum-news-july-6-2024,Reddit
PEEPanEIP-7549: Move committee index outside Attestation with Dapplion,2024-07-05,https://www.reddit.com/r/ethereum/comments/1dvza7c/peepaneip7549_move_committee_index_outside/,Reddit
Random Eth showed up in wallet.,2024-07-05,https://www.reddit.com/r/ethereum/comments/1dvxgdh/random_eth_showed_up_in_wallet/,Reddit
Saito Network now supports free and instant ETH transactions,2024-07-05,https://saito.io/redsquare?tweet_id=d479d4b256041319d46f2d688f59da04927035746768b2635a2253ba8f86f0f26da3487fea3f7256ede25475cfa15e5989641e06c500219d2c644326caa16d61,Reddit
I am a full stack blockchain developer. [For Hire] ,2024-07-04,https://www.reddit.com/r/ethereum/comments/1dvf741/i_am_a_full_stack_blockchain_developer_for_hire/,Reddit
Anyone re-selling EthCC tickets?,2024-07-04,https://www.reddit.com/r/ethereum/comments/1dvccox/anyone_reselling_ethcc_tickets/,Reddit
Top 10 Side Events During ETHCC 2024 You Should Know,2024-07-04,https://www.cryptowisser.com/top-side-events-furing-ethcc-2024-you-should-know,Reddit
Wen spot ETH ETF?‚Äô ‚Äì Why this exec has predicted a date of July 15th,2024-07-04,https://ambcrypto.com/wen-spot-eth-etf-why-this-exec-has-predicted-a-date-of-july-15th/,Reddit
"Vinay Gupta (Mattereum, formerly EF) on the Mario crypto space, talking OG Ethereum, law, real world assets, the problems of American tokens, and where the money really is for the Ethereum in the long term.",2024-07-03,https://x.com/MarioNawfal/status/1808599132095058166,Reddit
"""Unexpected trie node"" errors in geth log after sync",2024-07-03,https://www.reddit.com/r/ethereum/comments/1duo8ew/unexpected_trie_node_errors_in_geth_log_after_sync/,Reddit
"Token vs. Account, Web2 vs Web3",2024-07-03,https://www.reddit.com/r/ethereum/comments/1duf5co/token_vs_account_web2_vs_web3/,Reddit
Ethereum Earns 2X More Revenue Than Any Other Chain With 2.7B USD Haul ,2024-07-03,https://cointab.com/ethereum-earns-2x-more-revenue-than-any-other-chain-with-2-7b-haul/,Reddit
Low Power Hardware/Software Recommendations for Archive Node,2024-07-03,https://www.reddit.com/r/ethereum/comments/1du85jg/low_power_hardwaresoftware_recommendations_for/,Reddit
"Panarchy system with proof-of-unique-human, people-vote Nakamoto consensus and UBI, accepting citizens...",2024-07-03,https://www.reddit.com/r/ethereum/comments/1du3t0n/panarchy_system_with_proofofuniquehuman/,Reddit
Gnosis Safe removed log in with Google,2024-07-02,https://www.reddit.com/r/ethereum/comments/1dtylmo/gnosis_safe_removed_log_in_with_google/,Reddit
In Search of ETH CC Tickets,2024-07-02,https://www.reddit.com/r/ethereum/comments/1dtuwod/in_search_of_eth_cc_tickets/,Reddit
Ethereum ETF: Key Moments,2024-07-02,https://www.reddit.com/r/ethereum/comments/1dtrxph/ethereum_etf_key_moments/,Reddit
Wallet to track staked ETH,2024-07-02,https://www.reddit.com/r/ethereum/comments/1dtnjf5/wallet_to_track_staked_eth/,Reddit
Need advice on swapping XMR to Monerium EURe,2024-07-02,https://www.reddit.com/r/ethereum/comments/1dtm9rl/need_advice_on_swapping_xmr_to_monerium_eure/,Reddit
What is Fastbridge?,2024-07-02,https://www.reddit.com/r/ethereum/comments/1dtb0yz/what_is_fastbridge/,Reddit
"Vitalik: Epochs and slots all the way down, ways to give Ethereum users faster transaction confirmation times",2024-07-02,https://vitalik.eth.limo/general/2024/06/30/epochslot.html,Reddit
Am I on the right track ??,2024-07-01,https://www.reddit.com/r/ethereum/comments/1dsvmk6/am_i_on_the_right_track/,Reddit
How secure is restaking?,2024-07-01,https://www.reddit.com/r/ethereum/comments/1dsp80v/how_secure_is_restaking/,Reddit
Rocket Pool ‚Äî Protocol DAO Governance,2024-07-01,https://medium.com/rocket-pool/rocket-pool-protocol-dao-governance-a3c3e92904e0,Reddit
What do you need to successfully build in Web3?,2024-06-30,https://blog.1inch.io/what-do-you-need-to-successfully-build-in-web3/,Reddit
"Hardhat, Truffle or...",2024-06-30,https://www.reddit.com/r/ethereum/comments/1drxayz/hardhat_truffle_or/,Reddit
"Optimism Account received token ""NBL""",2024-06-30,https://www.reddit.com/r/ethereum/comments/1droyof/optimism_account_received_token_nbl/,Reddit
Staking smart contract tool?,2024-06-29,https://www.reddit.com/r/ethereum/comments/1drkqcv/staking_smart_contract_tool/,Reddit
I created a simple to use javascript ERC tokens library,2024-06-29,https://www.reddit.com/r/ethereum/comments/1drac11/i_created_a_simple_to_use_javascript_erc_tokens/,Reddit
Latest Week in Ethereum News,2024-06-29,https://weekinethereumnews.com/week-in-ethereum-news-june-29-2024,Reddit
zkSharding for Ethereum,2024-06-28,https://nil.foundation/blog/post/nil_zkSharding,Reddit
How Concerned are You on Privacy as an Onchain Consumer?,2024-06-28,https://www.reddit.com/r/ethereum/comments/1dqdvyc/how_concerned_are_you_on_privacy_as_an_onchain/,Reddit
There is something sinister going on,2024-06-28,https://www.reddit.com/r/ethereum/comments/1dqam51/there_is_something_sinister_going_on/,Reddit
How to Build a Sniping Bot with ethers-kt: Step-by-Step Guide ,2024-06-27,https://www.reddit.com/r/ethereum/comments/1dq29ia/how_to_build_a_sniping_bot_with_etherskt/,Reddit
Recent slashing incidents on the Ethereum mainnet,2024-06-27,https://www.reddit.com/r/ethereum/comments/1dpvdnn/recent_slashing_incidents_on_the_ethereum_mainnet/,Reddit
Ethereum Supply Inflation Continues: 73 Days and Counting,2024-06-27,https://tradersdex.com/ethereum-supply-inflation-continues-73-days-and-counting/,Reddit
I built a web3 interface builder,2024-06-27,https://www.reddit.com/r/ethereum/comments/1dpn0v9/i_built_a_web3_interface_builder/,Reddit
Semantic ABI: An open source library for easier decoding and analytics using annotations on an ABI instead of a bunch of SQL.,2024-06-26,https://hyperarc.substack.com/p/skip-the-joins-with-semantic-abi,Reddit
Who to Watch in the Next-Gen VM Race?,2024-06-26,https://www.reddit.com/r/ethereum/comments/1dozpu3/who_to_watch_in_the_nextgen_vm_race/,Reddit
"What is Crypto Staking, and How Does it Work with a Service Provider",2024-06-26,https://www.cryptopolitan.com/what-is-crypto-staking-and-how-does-it-work-with-a-service-provider/,Reddit
Between DeFi and TradFi,2024-06-25,https://www.reddit.com/r/ethereum/comments/1doiwok/between_defi_and_tradfi/,Reddit
Moving Ethereum from Kraken to BitBox02/Trezor Safe 3,2024-06-25,https://www.reddit.com/r/ethereum/comments/1dof1td/moving_ethereum_from_kraken_to_bitbox02trezor/,Reddit
Aleph Zero EVM and zkOS: building Privacy-as-a-Service for web3,2024-06-25,https://alephzero.org/blog/zk-privacy-evm-l2-zkos/,Reddit
Are there other good trading app other than Uniswap,2024-06-25,https://www.reddit.com/r/ethereum/comments/1dnyoqz/are_there_other_good_trading_app_other_than/,Reddit
Layer 1 and 2's. What are they?,2024-06-25,https://www.reddit.com/r/ethereum/comments/1dnuqfk/layer_1_and_2s_what_are_they/,Reddit
"Stephane Gosselin: OneBalance, credible accounts and credible commitments",2024-06-24,https://www.intothebytecode.com/34-stephane-gosselin/,Reddit
React hook for detecting if specific wallet extensions (eg. Metamask) are installed in the user's browser.,2024-06-24,https://github.com/alexcambose/use-has-wallet,Reddit
Differences between trading on ETH Network and others ,2024-06-24,https://www.reddit.com/r/ethereum/comments/1dnhcxx/differences_between_trading_on_eth_network_and/,Reddit
ethcc 2024 Side events,2024-06-24,https://www.reddit.com/r/ethereum/comments/1dn7zt8/ethcc_2024_side_events/,Reddit
Exchange costs question,2024-06-24,https://www.reddit.com/r/ethereum/comments/1dn1ccn/exchange_costs_question/,Reddit
SEC Ends Ethereum 2.0 Investigation,2024-06-23,https://cybermen.news/sec-ends-ethereum-2-0-investigation/,Reddit
REQUEST FOR METHOD: Converting ALL eth in a wallet,2024-06-23,https://www.reddit.com/r/ethereum/comments/1dmje10/request_for_method_converting_all_eth_in_a_wallet/,Reddit
"Ethereum Foundation mailing list provider compromised, be careful out there",2024-06-23,https://warpcast.com/tim/0x1329512d,Reddit
ETH Charts?,2024-06-23,https://www.reddit.com/r/ethereum/comments/1dm9amk/eth_charts/,Reddit
Will staking Eth be allowed again in states like California due to the change of policy at the fed level? ,2024-06-22,https://www.reddit.com/r/ethereum/comments/1dm48l1/will_staking_eth_be_allowed_again_in_states_like/,Reddit
What is the crypto currency you think is the most likely to shrink the power of the state?,2024-06-22,/r/GoldandBlack/comments/1dm3cf5/what_is_the_crypto_currency_do_you_think_is_the/,Reddit
What will Ethereum ETFs mean for the blockchain defi ecosystem?,2024-06-22,https://www.reddit.com/r/ethereum/comments/1dm1ycy/what_will_ethereum_etfs_mean_for_the_blockchain/,Reddit
Is there a Michael Saylor of Ethereum~ out there?,2024-06-22,https://www.reddit.com/r/ethereum/comments/1dluprv/is_there_a_michael_saylor_of_ethereum_out_there/,Reddit
Are there any hardware wallets that support multiple wallets with separate seed phrases? ,2024-06-22,https://www.reddit.com/r/ethereum/comments/1dltzx1/are_there_any_hardware_wallets_that_support/,Reddit
Latest Week in Ethereum News,2024-06-22,https://weekinethereumnews.com/week-in-ethereum-news-june-22-2024,Reddit
New NFT App Idea - Looking for Feedback and Validation!,2024-06-21,https://www.reddit.com/r/ethereum/comments/1dlhqje/new_nft_app_idea_looking_for_feedback_and/,Reddit
Recent 2 Million Ethereum Supply Increase,2024-06-21,https://www.reddit.com/r/ethereum/comments/1dl331m/recent_2_million_ethereum_supply_increase/,Reddit
Trying to send all of my ETH in geth console: gas required exceeds allowance ,2024-06-21,https://www.reddit.com/r/ethereum/comments/1dkyv6d/trying_to_send_all_of_my_eth_in_geth_console_gas/,Reddit
who's going to Devcon 7 SEA in Bangkok?,2024-06-20,https://www.reddit.com/r/ethereum/comments/1dkhrfl/whos_going_to_devcon_7_sea_in_bangkok/,Reddit
Why is there a distinction between gas and ether?,2024-06-19,https://www.reddit.com/r/ethereum/comments/1djwp3u/why_is_there_a_distinction_between_gas_and_ether/,Reddit
Exchange generated deposit address gets invalid format error. ,2024-06-19,https://www.reddit.com/r/ethereum/comments/1djt3ev/exchange_generated_deposit_address_gets_invalid/,Reddit
"With AI coding, is it worth it to learn Solidity?",2024-06-19,https://www.reddit.com/r/ethereum/comments/1djsrwb/with_ai_coding_is_it_worth_it_to_learn_solidity/,Reddit
Burn incentives in MEV pricing auctions,2024-06-18,https://ethresear.ch/t/burn-incentives-in-mev-pricing-auctions/19856,Reddit
ETH slashing explained,2024-06-18,https://www.reddit.com/r/ethereum/comments/1dirlwp/eth_slashing_explained/,Reddit
The network or the token?,2024-06-18,https://www.reddit.com/r/ethereum/comments/1diq80p/the_network_or_the_token/,Reddit
Rhino Review -  Ethereum Staking Journal #26 is out!,2024-06-18,https://www.reddit.com/r/ethereum/comments/1dipmdp/rhino_review_ethereum_staking_journal_26_is_out/,Reddit
Unclear about Nonce Management in ERC-4337 (Account abstraction)!,2024-06-18,https://www.reddit.com/r/ethereum/comments/1din5ov/unclear_about_nonce_management_in_erc4337_account/,Reddit
Beacon proxy implementation,2024-06-18,https://www.reddit.com/r/ethereum/comments/1dift14/beacon_proxy_implementation/,Reddit
Ethereum account global state bad for L2 scaling?,2024-06-17,https://www.reddit.com/r/ethereum/comments/1di4hiu/ethereum_account_global_state_bad_for_l2_scaling/,Reddit
‚ú® The Python Uniswap Universal Router SDK v1.2.0 is out ! ‚ú®,2024-06-17,/r/u_E_l_n_a_r_i_l/comments/1di3s9l/the_python_uniswap_universal_router_sdk_v120_is/,Reddit
Finding mispriced opcodes with fuzzing in FuelVM,2024-06-17,https://blog.trailofbits.com/2024/06/17/finding-mispriced-opcodes-with-fuzzing/,Reddit
"What next, after zksync native token's listing? ",2024-06-17,https://www.reddit.com/r/ethereum/comments/1dhvx4j/what_next_after_zksync_native_tokens_listing/,Reddit
Building JavaScript DApps on Cartesi: Part 1,2024-06-16,https://www.reddit.com/r/ethereum/comments/1dhidk8/building_javascript_dapps_on_cartesi_part_1/,Reddit
MY ETHER Wallet,2024-06-16,https://www.reddit.com/r/ethereum/comments/1dhetk4/my_ether_wallet/,Reddit
Guide to Building Rust DApps on Cartesi,2024-06-16,https://www.reddit.com/r/ethereum/comments/1dhdfb3/guide_to_building_rust_dapps_on_cartesi/,Reddit
What can i do with 0.00149261 eth?,2024-06-16,https://www.reddit.com/r/ethereum/comments/1dh9jme/what_can_i_do_with_000149261_eth/,Reddit
"Are there Ethereum nodes similar to Bitcoin? If so, can it be run on a Raspberry Pi?",2024-06-16,https://www.reddit.com/r/ethereum/comments/1dgz9fu/are_there_ethereum_nodes_similar_to_bitcoin_if_so/,Reddit
Ethereum Spot and Futures ETFs overview,2024-06-16,https://www.reddit.com/r/ethereum/comments/1dgyqyc/ethereum_spot_and_futures_etfs_overview/,Reddit
üåê SSV Network Operator - Set Up SSH Reverse Proxy,2024-06-16,/r/SSVnetwork/comments/1dgt97u/ssv_network_operator_set_up_ssh_reverse_proxy/,Reddit
Thoughts On Effective Token Design,2024-06-16,https://medium.com/@layermarketxyz/thoughts-on-effective-token-design-bcbbfa00d644,Reddit
"You can now tag txs with metadata for arbitrary contracts or txs, fully onchain. Ghost Tags allow for dynamic, flexible and open tags even for deployed contracts. Fully open source, including node. ",2024-06-15,https://x.com/not_pr0/status/1801894180316123216,Reddit
Does anyone know how many employees Eth has?,2024-06-15,https://www.reddit.com/r/ethereum/comments/1dgb4qr/does_anyone_know_how_many_employees_eth_has/,Reddit
Latest Week in Ethereum News,2024-06-15,https://weekinethereumnews.com/week-in-ethereum-news-june-15-2024,Reddit
Ethereum: A Path to Global Unity and Innovation,2024-06-14,https://www.reddit.com/r/ethereum/comments/1dfmfsa/ethereum_a_path_to_global_unity_and_innovation/,Reddit
Three months of blobs: a usage review,2024-06-13,https://www.reddit.com/r/ethereum/comments/1df64u7/three_months_of_blobs_a_usage_review/,Reddit
Staking and Keyper Incentive Mechanism Coming Soon for Shutter DAO 0x36,2024-06-13,https://blog.shutter.network/staking-and-keyper-incentive-mechanism-coming-soon-for-shutter/,Reddit
Space and Time Introduces Ultra-Fast ZK Prover,2024-06-13,https://www.reddit.com/r/ethereum/comments/1dewhxi/space_and_time_introduces_ultrafast_zk_prover/,Reddit
How to memorise your seed phrase quickly & easily,2024-06-13,https://james-sangalli.medium.com/how-to-memorise-your-seed-phrase-quickly-easily-dbedfa792494,Reddit
Devs: Building on Aave,2024-06-12,https://www.reddit.com/r/ethereum/comments/1de4a42/devs_building_on_aave/,Reddit
"If I adapted this site to support Ethereum and other altcoins, would you use it? Why or why not?",2024-06-12,https://www.reddit.com/r/ethereum/comments/1ddwyfc/if_i_adapted_this_site_to_support_ethereum_and/,Reddit
Why won't anyone build web3 gated communities?,2024-06-11,https://www.reddit.com/r/ethereum/comments/1ddmmoy/why_wont_anyone_build_web3_gated_communities/,Reddit
EIP-7702 explained,2024-06-11,https://www.reddit.com/r/ethereum/comments/1ddhe8s/eip7702_explained/,Reddit
Receive eth on other chain than mainnet?,2024-06-11,https://www.reddit.com/r/ethereum/comments/1dddiue/receive_eth_on_other_chain_than_mainnet/,Reddit
First Ethereum TRX ,2024-06-11,https://www.reddit.com/r/ethereum/comments/1ddb6mt/first_ethereum_trx/,Reddit
Depositing ETH to Binance,2024-06-11,https://www.reddit.com/r/ethereum/comments/1dd89x2/depositing_eth_to_binance/,Reddit
"From ETH to xmr and then from xmr to eth, will this transaction be traced back to my main wallet?
",2024-06-10,https://www.reddit.com/r/ethereum/comments/1dcytzr/from_eth_to_xmr_and_then_from_xmr_to_eth_will/,Reddit
Does Arbitrum pass enough value back to Ethereum?,2024-06-10,https://www.reddit.com/r/ethereum/comments/1dcqqco/does_arbitrum_pass_enough_value_back_to_ethereum/,Reddit
"Spending $90k daily on ""Blobs""; is TAIKO's approach to scaling solution sustainable?",2024-06-10,https://www.reddit.com/r/ethereum/comments/1dcjtx9/spending_90k_daily_on_blobs_is_taikos_approach_to/,Reddit
Rocket Pool - Houston Upgrade and Saturn Preview,2024-06-10,https://medium.com/rocket-pool/rocket-pool-houston-launch-b056ca1a6c10,Reddit
Why should I use tools like Rocketpool instead of Ethereum solo validator if I have more than 32 ETH?,2024-06-09,https://www.reddit.com/r/ethereum/comments/1dc7av3/why_should_i_use_tools_like_rocketpool_instead_of/,Reddit
"Global finance is arriving on the blockchain: how can we win the world, and keep our soul?",2024-06-09,https://live.ethprague.com/ethprague/watch?session=665833db036a981493b0c0b6,Reddit
Why is dex fee so high ,2024-06-09,https://www.reddit.com/r/ethereum/comments/1dbosva/why_is_dex_fee_so_high/,Reddit
Understanding transaction status,2024-06-08,https://www.reddit.com/r/ethereum/comments/1dbe3ah/understanding_transaction_status/,Reddit
I earn less via staking the more ETH advances in price?,2024-06-08,https://www.reddit.com/r/ethereum/comments/1db4jlt/i_earn_less_via_staking_the_more_eth_advances_in/,Reddit
Latest Week in Ethereum News,2024-06-08,https://weekinethereumnews.com/week-in-ethereum-news-june-8-2024,Reddit
Devcon Scholars Program Returns for Devcon SEA! | Ethereum Foundation Blog,2024-06-07,https://blog.ethereum.org/2024/06/07/devcon7-scholars,Reddit
Wondering if there's a mainnet emulator available for testing,2024-06-07,https://www.reddit.com/r/ethereum/comments/1daitjg/wondering_if_theres_a_mainnet_emulator_available/,Reddit
Pre BIP29 Wallet Key Conversions,2024-06-07,https://www.reddit.com/r/ethereum/comments/1daa5bq/pre_bip29_wallet_key_conversions/,Reddit
Strategies for introducing novices to web3,2024-06-07,https://www.reddit.com/r/ethereum/comments/1da8i5m/strategies_for_introducing_novices_to_web3/,Reddit
"Why does registering user as ""Providers"" in my smart contract use more gas than ""Consumers""? ",2024-06-07,https://www.reddit.com/r/ethereum/comments/1da66x0/why_does_registering_user_as_providers_in_my/,Reddit
Mist Wallet,2024-06-07,https://www.reddit.com/r/ethereum/comments/1d9yu41/mist_wallet/,Reddit
Ethereum and Taxes,2024-06-06,https://www.reddit.com/r/ethereum/comments/1d9ad4g/ethereum_and_taxes/,Reddit
Help - Pending Transaction ,2024-06-06,https://www.reddit.com/r/ethereum/comments/1d99p2b/help_pending_transaction/,Reddit
My Hackathon Project: Launch a Refundable Yield Generating Community / Memecoin with just your Twitter / X,2024-06-05,/r/ethdev/comments/1d8wb6x/my_hackathon_project_launch_a_refundable_yield/,Reddit
üçÑ Stereum Ethereum Node Setup & Manager 2.1.5,2024-06-05,/r/ethstaker/comments/1d8u571/stereum_ethereum_node_setup_manager_215/,Reddit
Kraken vs. Coinbase,2024-06-05,https://www.reddit.com/r/ethereum/comments/1d8t0tg/kraken_vs_coinbase/,Reddit
Check Out the New Look of DETIFIAI! Share Your Thoughts!,2024-06-05,https://www.reddit.com/r/ethereum/comments/1d8r79w/check_out_the_new_look_of_detifiai_share_your/,Reddit
Tinfoil Hat....Tokenized Stock Exchange (theory post),2024-06-05,https://www.reuters.com/markets/us/blackrock-citadel-backed-group-start-new-national-stock-exchange-texas-wsj-2024-06-05/,Reddit
"Geth v1.14.4 - 5-7% faster blocks, ether tracer, lower miner tip defaults",2024-06-05,https://github.com/ethereum/go-ethereum/releases/tag/v1.14.4,Reddit
Explain 90% of Crypto to Your Friends and Family in Under 15 Minutes,2024-06-04,https://www.reddit.com/r/ethereum/comments/1d85dqq/explain_90_of_crypto_to_your_friends_and_family/,Reddit
Create a personalised public address,2024-06-04,https://www.reddit.com/r/ethereum/comments/1d822k5/create_a_personalised_public_address/,Reddit
Noob Question on Upgrades,2024-06-04,https://www.reddit.com/r/ethereum/comments/1d7ytyo/noob_question_on_upgrades/,Reddit
Buying Ethereum ENS,2024-06-04,https://www.reddit.com/r/ethereum/comments/1d7xnv7/buying_ethereum_ens/,Reddit
"Cheapest and safest way to bridge back Arbitrum/Mainnet?
",2024-06-04,https://www.reddit.com/r/ethereum/comments/1d7wvsq/cheapest_and_safest_way_to_bridge_back/,Reddit
Withdrawal Binance to Ledger timing,2024-06-04,https://www.reddit.com/r/ethereum/comments/1d7sedp/withdrawal_binance_to_ledger_timing/,Reddit
ORA: Ethereum‚Äôs Trustless AI,2024-06-04,https://mirror.xyz/orablog.eth/9FDbvTLK0bU_U6v7d-L6rrOi8Qqm2ezJUo7e-kxXfwo,Reddit
"What to expect in the upcoming ""Pectra"" upgrade",2024-06-04,https://www.reddit.com/r/ethereum/comments/1d7s6v8/what_to_expect_in_the_upcoming_pectra_upgrade/,Reddit
What are some prominent Blockchain projects for Good or for achieving UN SDGs?,2024-06-04,https://www.reddit.com/r/ethereum/comments/1d7rrgo/what_are_some_prominent_blockchain_projects_for/,Reddit
Virtualized Ethereum Network,2024-06-04,https://www.reddit.com/r/ethereum/comments/1d7ktau/virtualized_ethereum_network/,Reddit
Some thoughts on Ethereum's Path to Mass Adoption (+1 billion active addresses),2024-06-04,https://medium.com/@layermarketxyz/the-road-to-one-billion-active-wallet-addresses-ethereums-path-to-mass-adoption-8bb345b9894a,Reddit
Question about odd mev transaction ,2024-06-03,https://www.reddit.com/r/ethereum/comments/1d7g11b/question_about_odd_mev_transaction/,Reddit
Bankless episode: Anatoly Vs Drake debate. Your Thoughts?,2024-06-03,https://www.reddit.com/r/ethereum/comments/1d7f61x/bankless_episode_anatoly_vs_drake_debate_your/,Reddit
Accurate tool to check winrate of a wallet,2024-06-03,https://www.reddit.com/r/ethereum/comments/1d74zbz/accurate_tool_to_check_winrate_of_a_wallet/,Reddit
EIPs Insight (May 2024),2024-06-03,https://www.reddit.com/r/ethereum/comments/1d74ejx/eips_insight_may_2024/,Reddit
What does Bitcoin staking brings to the defi ecosytem?,2024-06-03,https://www.reddit.com/r/ethereum/comments/1d6zjm7/what_does_bitcoin_staking_brings_to_the_defi/,Reddit
RedotPay Crypto Card: Your Gateway to Spend Crypto,2024-06-02,https://webqoblog.com/redotpay-crypto-card/,Reddit
Pushing Blockchain Adoption: How Cartesi & UFF are Teaming Up,2024-06-02,https://www.reddit.com/r/ethereum/comments/1d6h4hl/pushing_blockchain_adoption_how_cartesi_uff_are/,Reddit
Can I transfer ETH from Metamask to Luno?,2024-06-02,https://www.reddit.com/r/ethereum/comments/1d6ed1j/can_i_transfer_eth_from_metamask_to_luno/,Reddit
Taxes,2024-06-02,https://www.reddit.com/r/ethereum/comments/1d6ddnm/taxes/,Reddit
FAQ: Ethereum issuance reduction,2024-06-02,https://www.reddit.com/r/ethereum/comments/1d6d91k/faq_ethereum_issuance_reduction/,Reddit
Developing Open Data,2024-06-02,https://blog.superchain.network/developing-open-data/,Reddit
Cash app equivalent for eth,2024-06-02,https://www.reddit.com/r/ethereum/comments/1d65bdu/cash_app_equivalent_for_eth/,Reddit
Wallet Compromised??,2024-06-01,https://www.reddit.com/r/ethereum/comments/1d5mt7p/wallet_compromised/,Reddit
Latest Week in Ethereum News,2024-06-01,https://weekinethereumnews.com/week-in-ethereum-news-june-1-2024,Reddit
A new senior security engineer position in the Blockchain team of Trail of Bits is open!,2024-05-31,https://www.trailofbits.com/careers/?gh_jid=4373922006,Reddit
Chainlink Functions: How can I get array from my JS file and use it in the contract?,2024-05-31,https://www.reddit.com/r/ethereum/comments/1d4rn8i/chainlink_functions_how_can_i_get_array_from_my/,Reddit
50 free-slashing days on Ethereum mainnet üéâ,2024-05-31,https://www.reddit.com/r/ethereum/comments/1d4qwps/50_freeslashing_days_on_ethereum_mainnet/,Reddit
Policy Expert Scott Johnson,2024-05-30,https://www.reddit.com/r/ethereum/comments/1d48txn/policy_expert_scott_johnson/,Reddit
Impersonation fraud: how to avoid,2024-05-30,https://www.reddit.com/r/ethereum/comments/1d46dxo/impersonation_fraud_how_to_avoid/,Reddit
Can someone help me ? ,2024-05-30,https://www.reddit.com/r/ethereum/comments/1d45o28/can_someone_help_me/,Reddit
Looking for a CEO,2024-05-30,https://www.reddit.com/r/ethereum/comments/1d40q95/looking_for_a_ceo/,Reddit
Vitalik Buterin Makes Generous Donation To Help Tornado Cash Developers,2024-05-30,https://cointab.com/vitalik-buterin-donates-30-eth-to-help-tornado-cash-developers/,Reddit
"Tim Beiko: AllCoreDevs, Network Upgrade & EthMagicians Process Improvements",2024-05-30,https://ethereum-magicians.org/t/allcoredevs-network-upgrade-ethmagicians-process-improvements/20157,Reddit
Vitalik: Layer 2s as cultural extensions of Ethereum,2024-05-30,https://vitalik.eth.limo/general/2024/05/29/l2culture.html,Reddit
"Tokenomics, what a headache",2024-05-29,https://www.reddit.com/r/ethereum/comments/1d3m8cs/tokenomics_what_a_headache/,Reddit
Understanding meaning of Network Types of Mainnet Statistic,2024-05-29,https://www.reddit.com/r/ethereum/comments/1d3he7m/understanding_meaning_of_network_types_of_mainnet/,Reddit
"Introducing Barz. TrustWallet's Smart Wallet Solution
",2024-05-29,https://developer.trustwallet.com/developer/barz-smart-wallet/introducing-barz-trustwallet-smart-wallet-solution?utm_source=twitter_dev&utm_medium=social&utm_campaign=Barz,Reddit
Ethereum and Decentralisation - discussion,2024-05-28,https://www.reddit.com/r/ethereum/comments/1d2r5vl/ethereum_and_decentralisation_discussion/,Reddit
Safe ETH mobile wallet,2024-05-28,https://www.reddit.com/r/ethereum/comments/1d2fi6h/safe_eth_mobile_wallet/,Reddit
Abandoned ETH NFT prize hunt with Smart Contracts. Can the prizes still be claimed?,2024-05-28,https://www.reddit.com/r/ethereum/comments/1d2fe9d/abandoned_eth_nft_prize_hunt_with_smart_contracts/,Reddit
Any willing to give feedback on the beta of L2 marketplace project?,2024-05-28,https://www.reddit.com/r/ethereum/comments/1d29gtb/any_willing_to_give_feedback_on_the_beta_of_l2/,Reddit
"Why we Should Ship EOF, PeerDas, and other Upgrades Before Verkle.",2024-05-27,/r/ethfinance/comments/1d1yce1/why_we_should_ship_eof_peerdas_and_other_upgrades/,Reddit
Any Idea why we've got many ZK protocols these days?,2024-05-27,https://www.reddit.com/r/ethereum/comments/1d1v1xb/any_idea_why_weve_got_many_zk_protocols_these_days/,Reddit
"On Coinbase Wallet, I have over $20 worth of ETH per ETH network. I was swapping USDC to $Pika but it keeps saying I need more ETH. Why?",2024-05-27,https://www.reddit.com/r/ethereum/comments/1d1o0px/on_coinbase_wallet_i_have_over_20_worth_of_eth/,Reddit
Transferring Golem (GNT) from JAXX Wallet,2024-05-27,https://www.reddit.com/r/ethereum/comments/1d1jofp/transferring_golem_gnt_from_jaxx_wallet/,Reddit
Learning tokenomics,2024-05-26,https://www.reddit.com/r/ethereum/comments/1d1ap81/learning_tokenomics/,Reddit
"My Ethereum is on a liquidity pool, how can I get it ?",2024-05-26,https://www.reddit.com/r/ethereum/comments/1d0zvtj/my_ethereum_is_on_a_liquidity_pool_how_can_i_get/,Reddit
Seeking Thoughts on Balancing Blockchain Privacy and Government Compliance,2024-05-26,https://www.reddit.com/r/ethereum/comments/1d0trgu/seeking_thoughts_on_balancing_blockchain_privacy/,Reddit
These will be the biggest beneficiaries of Ethereum ETFs,2024-05-25,https://criptoinforme.com/mercado/estos-seran-los-mayores-beneficiados-por-los-etf-de-ethereum/,Reddit
Common PR Mistakes in Crypto: An Insider's Perspective,2024-05-25,https://guerrillabuzz.com/crypto-pr-mistakes/,Reddit
Urge Congress to Regulate Crypto and Crypto Mining in the U.S.,2024-05-25,/r/Buttcoin/comments/1cz61f8/urge_congress_to_regulate_crypto_and_crypto/,Reddit
Latest Week in Ethereum News,2024-05-25,https://weekinethereumnews.com/week-in-ethereum-news-may-25-2024,Reddit
ETH ETF Fee's? Which provider has the lowest?,2024-05-24,https://www.reddit.com/r/ethereum/comments/1czqh53/eth_etf_fees_which_provider_has_the_lowest/,Reddit
Top 5 Ethereum analytic tools,2024-05-24,https://www.reddit.com/r/ethereum/comments/1czg74k/top_5_ethereum_analytic_tools/,Reddit
All 8 Ethereum ETF have been approved by SEC,2024-05-24,https://bitcoinist.com/sec-grants-historic-approval-for-ethereum-etfs/,Reddit
Insufficient Funds Despite Having Enough Funds,2024-05-24,https://www.reddit.com/r/ethereum/comments/1cz7jww/insufficient_funds_despite_having_enough_funds/,Reddit
MEV bot creators,2024-05-23,https://www.reddit.com/r/ethereum/comments/1cz4cyu/mev_bot_creators/,Reddit
SERIOU QUESTIONS: Is the Ethereum Proof of Stake blockchain susceptible to front running? Is the recent MEV-Boost exploit a serious risk to the ETH chain?,2024-05-23,https://www.reddit.com/r/ethereum/comments/1cz0k4h/seriou_questions_is_the_ethereum_proof_of_stake/,Reddit
SEC approves Ethereum ETF! üéâ,2024-05-23,https://cryptoslate.com/ethereum-etfs-approved-aligning-eth-closer-to-commodity-in-industry-win-vs-sec/,Reddit
The First Shutterized Testnet Is Now Live on Chiado!,2024-05-23,https://blog.shutter.network/the-first-shutterized-testnet-is-now-live-on-chiado/,Reddit
"[Help] 152 days ago an ERC20 and ERC1155 token was deposited in my wallet by EthDev. Does anyone know what this is? Transaction hash link in the comments, any help understanding is appreciated!",2024-05-23,https://www.reddit.com/r/ethereum/comments/1cyuyk4/help_152_days_ago_an_erc20_and_erc1155_token_was/,Reddit
Vitalik: How do layer 2s really differ from execution sharding?,2024-05-23,https://vitalik.eth.limo/general/2024/05/23/l2exec.html,Reddit
Hard drive space requirements to run geth?,2024-05-23,https://www.reddit.com/r/ethereum/comments/1cyp8lb/hard_drive_space_requirements_to_run_geth/,Reddit
Nyota Interop Recap ‚ú® | Ethereum Foundation Blog,2024-05-23,https://blog.ethereum.org/2024/05/22/nyota-interop-recap,Reddit
Please help ,2024-05-23,https://www.reddit.com/r/ethereum/comments/1cyjggt/please_help/,Reddit
Can someone help me understand this Curve tx?,2024-05-22,https://www.reddit.com/r/ethereum/comments/1cya5jj/can_someone_help_me_understand_this_curve_tx/,Reddit
Anyone uses the Rabby wallet?,2024-05-22,https://www.reddit.com/r/ethereum/comments/1cy6tcz/anyone_uses_the_rabby_wallet/,Reddit
New Video Showing How Diamond Contracts Work,2024-05-22,https://www.youtube.com/watch?v=e6WCbOyK7FA,Reddit
How can I fix the issue of my private PoA network on Geth returning 0 ETH balance for allocated accounts?,2024-05-22,https://www.reddit.com/r/ethereum/comments/1cxxo05/how_can_i_fix_the_issue_of_my_private_poa_network/,Reddit
There's No Such Thing As Decentralized Governance,2024-05-22,/r/AccountableAnonymity/comments/1cx67i7/theres_no_such_thing_as_decentralized_governance/,Reddit
Solidity 0.8.26 Release Announcement | Solidity Programming Language,2024-05-22,https://soliditylang.org/blog/2024/05/21/solidity-0.8.26-release-announcement,Reddit
"What is the FIT21 Bill, Vote yay or nay?",2024-05-21,https://www.reddit.com/r/ethereum/comments/1cxmnj8/what_is_the_fit21_bill_vote_yay_or_nay/,Reddit
Repost from r/arbitrum because they all wanted to scam me,2024-05-21,/r/Arbitrum/comments/1cxjp5g/help_bridged_usdc_on_eth_to_arbitrum_and_it_is/,Reddit
Sent via the wrong network...,2024-05-21,https://www.reddit.com/r/ethereum/comments/1cxipp5/sent_via_the_wrong_network/,Reddit
A bit sad about ETF approval,2024-05-21,https://www.reddit.com/r/ethereum/comments/1cxh7d5/a_bit_sad_about_etf_approval/,Reddit
Adjusting ETH issuance curve,2024-05-21,https://www.reddit.com/r/ethereum/comments/1cxh16l/adjusting_eth_issuance_curve/,Reddit
"If ETH etf gets approved on the 23rd, how soon will they start trading?",2024-05-21,https://www.reddit.com/r/ethereum/comments/1cxeopz/if_eth_etf_gets_approved_on_the_23rd_how_soon/,Reddit
Xception bot:  legit ?,2024-05-21,https://www.reddit.com/r/ethereum/comments/1cxcuwh/xception_bot_legit/,Reddit
Nodle x HaydenAI - New partnership,2024-05-21,/r/Nodle/comments/1cxcro2/nodle_x_haydenai_new_partnership/,Reddit
How to withdraw from binance?,2024-05-21,https://www.reddit.com/r/ethereum/comments/1cxbzih/how_to_withdraw_from_binance/,Reddit
SEC has asked for ETH ETF applications to be updated. This happened right before BTC ETF was approved.  ,2024-05-21,https://www.reddit.com/r/ethereum/comments/1cxaczq/sec_has_asked_for_eth_etf_applications_to_be/,Reddit
Eth code complexity as a flaw,2024-05-21,https://www.reddit.com/r/ethereum/comments/1cx8125/eth_code_complexity_as_a_flaw/,Reddit
What do i do with my WBETH?,2024-05-21,https://www.reddit.com/r/ethereum/comments/1cx5hfb/what_do_i_do_with_my_wbeth/,Reddit
Staking Ethereum (ETH) Now on Trezor,2024-05-20,https://content.trezor.io/eth-staking,Reddit
Sent ETH to my ETC address on Robinhood,2024-05-20,https://www.reddit.com/r/ethereum/comments/1cwmpls/sent_eth_to_my_etc_address_on_robinhood/,Reddit
EIP-7684 explained,2024-05-20,https://www.reddit.com/r/ethereum/comments/1cwghdi/eip7684_explained/,Reddit
